2021-09-22 00:00:00,116.0,111.0
2021-09-22 01:00:00,111.53,106.53
2021-09-22 02:00:00,109.86,104.86
2021-09-22 03:00:00,108.25,103.25
2021-09-22 04:00:00,108.94,103.94
2021-09-22 05:00:00,115.0,110.0
2021-09-22 06:00:00,170.93,165.93
2021-09-22 07:00:00,187.82,187.82
2021-09-22 08:00:00,193.71,193.71
2021-09-22 09:00:00,188.02,187.0
2021-09-22 10:00:00,173.85,172.06
2021-09-22 11:00:00,170.75,165.0
2021-09-22 12:00:00,159.93,132.11
2021-09-22 13:00:00,147.34,122.34
2021-09-22 14:00:00,147.34,120.85
2021-09-22 15:00:00,150.0,137.01
2021-09-22 16:00:00,170.0,150.0
2021-09-22 17:00:00,181.0,175.0
2021-09-22 18:00:00,198.75,185.0
2021-09-22 19:00:00,212.03,205.9
2021-09-22 20:00:00,171.58,166.58
2021-09-22 21:00:00,151.83,145.88
2021-09-22 22:00:00,128.69,123.69
2021-09-22 23:00:00,111.53,106.53
2021-09-23 00:00:00,111.6,105.42
2021-09-23 01:00:00,106.0,96.23
2021-09-23 02:00:00,83.76,79.5
2021-09-23 03:00:00,60.01,56.16
2021-09-23 04:00:00,59.5,54.51
2021-09-23 05:00:00,76.45,74.81
2021-09-23 06:00:00,108.25,104.25
2021-09-23 07:00:00,113.0,108.19
2021-09-23 08:00:00,114.1,108.19
2021-09-23 09:00:00,111.6,107.6
2021-09-23 10:00:00,111.29,98.3
2021-09-23 11:00:00,111.27,98.28
2021-09-23 12:00:00,111.29,100.0
2021-09-23 13:00:00,111.27,92.0
2021-09-23 14:00:00,102.07,100.0
2021-09-23 15:00:00,107.6,100.0
2021-09-23 16:00:00,111.6,103.49
2021-09-23 17:00:00,124.92,114.93
2021-09-23 18:00:00,152.1,146.19
2021-09-23 19:00:00,186.0,176.0
2021-09-23 20:00:00,145.0,135.17
2021-09-23 21:00:00,117.39,107.4
2021-09-23 22:00:00,116.03,106.04
2021-09-23 23:00:00,111.6,101.6
2021-09-24 00:00:00,109.64,104.64
2021-09-24 01:00:00,108.25,103.25
2021-09-24 02:00:00,109.64,104.64
2021-09-24 03:00:00,108.25,103.25
2021-09-24 04:00:00,109.64,104.64
2021-09-24 05:00:00,116.63,95.83
2021-09-24 06:00:00,160.2,142.99
2021-09-24 07:00:00,177.06,164.16
2021-09-24 08:00:00,185.63,148.81
2021-09-24 09:00:00,147.77,130.57
2021-09-24 10:00:00,117.19,94.36
2021-09-24 11:00:00,120.16,103.29
2021-09-24 12:00:00,115.44,96.0
2021-09-24 13:00:00,111.13,98.14
2021-09-24 14:00:00,110.93,102.93
2021-09-24 15:00:00,114.72,106.72
2021-09-24 16:00:00,139.99,108.43
2021-09-24 17:00:00,178.9,155.21
2021-09-24 18:00:00,188.56,172.06
2021-09-24 19:00:00,214.66,0.0
2021-09-24 20:00:00,196.6,142.78
2021-09-24 21:00:00,157.32,111.51
2021-09-24 22:00:00,155.92,115.16
2021-09-24 23:00:00,113.78,110.03
2021-09-25 00:00:00,112.02,109.02
2021-09-25 01:00:00,112.0,111.9
2021-09-25 02:00:00,112.0,111.9
2021-09-25 03:00:00,112.0,109.0
2021-09-25 04:00:00,112.0,111.9
2021-09-25 05:00:00,108.86,105.86
2021-09-25 06:00:00,113.0,110.0
2021-09-25 07:00:00,118.54,115.54
2021-09-25 08:00:00,121.26,118.26
2021-09-25 09:00:00,116.46,113.46
2021-09-25 10:00:00,110.18,107.18
2021-09-25 11:00:00,112.02,109.02
2021-09-25 12:00:00,111.09,108.09
2021-09-25 13:00:00,108.25,105.25
2021-09-25 14:00:00,108.25,105.25
2021-09-25 15:00:00,114.29,111.29
2021-09-25 16:00:00,147.77,140.99
2021-09-25 17:00:00,161.92,156.85
2021-09-25 18:00:00,177.73,182.34
2021-09-25 19:00:00,198.09,220.0
2021-09-25 20:00:00,188.17,188.47
2021-09-25 21:00:00,168.94,167.44
2021-09-25 22:00:00,159.95,156.8
2021-09-25 23:00:00,144.71,142.74
2021-09-26 00:00:00,172.42,170.72
2021-09-26 01:00:00,142.43,140.49
2021-09-26 02:00:00,121.01,117.02
2021-09-26 03:00:00,115.6,111.61
2021-09-26 04:00:00,111.21,109.21
2021-09-26 05:00:00,110.15,108.09
2021-09-26 06:00:00,113.0,109.01
2021-09-26 07:00:00,114.43,110.44
2021-09-26 08:00:00,113.0,109.01
2021-09-26 09:00:00,113.0,109.0
2021-09-26 10:00:00,113.0,109.01
2021-09-26 11:00:00,112.56,108.57
2021-09-26 12:00:00,106.0,105.0
2021-09-26 13:00:00,91.56,91.66
2021-09-26 14:00:00,97.22,95.32
2021-09-26 15:00:00,106.06,102.1
2021-09-26 16:00:00,110.33,108.33
2021-09-26 17:00:00,166.4,164.33
2021-09-26 18:00:00,179.17,174.18
2021-09-26 19:00:00,185.85,200.0
2021-09-26 20:00:00,179.18,189.0
2021-09-26 21:00:00,166.52,175.5
2021-09-26 22:00:00,163.94,170.94
2021-09-26 23:00:00,128.58,126.58
2021-09-27 00:00:00,126.07,121.08
2021-09-27 01:00:00,123.0,120.0
2021-09-27 02:00:00,118.02,118.02
2021-09-27 03:00:00,116.11,116.21
2021-09-27 04:00:00,111.22,112.22
2021-09-27 05:00:00,122.44,123.44
2021-09-27 06:00:00,161.68,150.07
2021-09-27 07:00:00,184.73,184.83
2021-09-27 08:00:00,191.14,191.24
2021-09-27 09:00:00,159.52,155.7
2021-09-27 10:00:00,147.77,147.5
2021-09-27 11:00:00,132.43,128.22
2021-09-27 12:00:00,122.31,117.32
2021-09-27 13:00:00,120.08,115.09
2021-09-27 14:00:00,129.74,124.75
2021-09-27 15:00:00,166.99,166.99
2021-09-27 16:00:00,170.65,185.65
2021-09-27 17:00:00,176.96,186.96
2021-09-27 18:00:00,180.6,182.34
2021-09-27 19:00:00,210.0,207.9
2021-09-27 20:00:00,188.78,180.34
2021-09-27 21:00:00,179.0,160.0
2021-09-27 22:00:00,170.0,150.71
2021-09-27 23:00:00,147.77,141.0
2021-09-28 00:00:00,114.48,108.48
2021-09-28 01:00:00,113.0,107.0
2021-09-28 02:00:00,112.9,106.9
2021-09-28 03:00:00,112.9,106.9
2021-09-28 04:00:00,112.9,106.9
2021-09-28 05:00:00,113.0,107.0
2021-09-28 06:00:00,158.67,148.55
2021-09-28 07:00:00,188.91,163.91
2021-09-28 08:00:00,189.62,209.65
2021-09-28 09:00:00,182.36,177.37
2021-09-28 10:00:00,172.6,159.6
2021-09-28 11:00:00,166.13,151.31
2021-09-28 12:00:00,158.14,166.54
2021-09-28 13:00:00,153.37,152.45
2021-09-28 14:00:00,153.37,163.51
2021-09-28 15:00:00,167.38,176.27
2021-09-28 16:00:00,174.89,174.89
2021-09-28 17:00:00,180.39,180.39
2021-09-28 18:00:00,187.93,184.92
2021-09-28 19:00:00,216.94,215.05
2021-09-28 20:00:00,198.69,200.0
2021-09-28 21:00:00,174.9,174.68
2021-09-28 22:00:00,146.83,144.89
2021-09-28 23:00:00,114.48,112.48
2021-09-29 00:00:00,121.45,121.14
2021-09-29 01:00:00,113.0,112.0
2021-09-29 02:00:00,113.0,112.0
2021-09-29 03:00:00,113.0,112.0
2021-09-29 04:00:00,113.0,112.0
2021-09-29 05:00:00,116.31,115.31
2021-09-29 06:00:00,126.35,126.25
2021-09-29 07:00:00,166.08,166.08
2021-09-29 08:00:00,205.79,210.78
2021-09-29 09:00:00,196.73,202.73
2021-09-29 10:00:00,190.72,190.72
2021-09-29 11:00:00,180.5,182.43
2021-09-29 12:00:00,179.93,180.03
2021-09-29 13:00:00,165.94,166.04
2021-09-29 14:00:00,147.68,147.78
2021-09-29 15:00:00,132.68,127.69
2021-09-29 16:00:00,142.4,137.41
2021-09-29 17:00:00,144.58,144.48
2021-09-29 18:00:00,171.06,170.96
2021-09-29 19:00:00,189.95,189.85
2021-09-29 20:00:00,147.68,142.69
2021-09-29 21:00:00,131.34,126.35
2021-09-29 22:00:00,117.61,112.62
2021-09-29 23:00:00,114.7,109.71
2021-09-30 00:00:00,114.45,109.45
2021-09-30 01:00:00,111.67,107.72
2021-09-30 02:00:00,104.06,100.0
2021-09-30 03:00:00,103.77,99.95
2021-09-30 04:00:00,106.8,101.81
2021-09-30 05:00:00,113.19,108.2
2021-09-30 06:00:00,162.6,159.33
2021-09-30 07:00:00,180.72,179.59
2021-09-30 08:00:00,187.83,186.73
2021-09-30 09:00:00,151.58,148.78
2021-09-30 10:00:00,147.77,143.77
2021-09-30 11:00:00,147.68,144.0
2021-09-30 12:00:00,153.17,147.23
2021-09-30 13:00:00,119.67,114.67
2021-09-30 14:00:00,118.18,113.18
2021-09-30 15:00:00,117.63,115.63
2021-09-30 16:00:00,126.32,124.82
2021-09-30 17:00:00,126.32,124.12
2021-09-30 18:00:00,147.22,142.22
2021-09-30 19:00:00,151.25,140.57
2021-09-30 20:00:00,126.32,121.32
2021-09-30 21:00:00,126.32,121.32
2021-09-30 22:00:00,126.32,124.32
2021-09-30 23:00:00,126.32,116.32
2021-10-01 00:00:00,115.64,111.67
2021-10-01 01:00:00,113.0,112.9
2021-10-01 02:00:00,99.77,99.77
2021-10-01 03:00:00,92.94,91.13
2021-10-01 04:00:00,102.2,97.97
2021-10-01 05:00:00,115.64,110.65
2021-10-01 06:00:00,202.42,212.0
2021-10-01 07:00:00,219.64,214.65
2021-10-01 08:00:00,217.98,217.98
2021-10-01 09:00:00,202.33,197.34
2021-10-01 10:00:00,198.22,193.23
2021-10-01 11:00:00,184.07,176.49
2021-10-01 12:00:00,176.24,172.02
2021-10-01 13:00:00,160.04,159.87
2021-10-01 14:00:00,152.33,152.33
2021-10-01 15:00:00,156.02,156.02
2021-10-01 16:00:00,180.27,175.27
2021-10-01 17:00:00,179.17,178.07
2021-10-01 18:00:00,224.97,229.96
2021-10-01 19:00:00,224.97,229.97
2021-10-01 20:00:00,201.24,200.33
2021-10-01 21:00:00,190.1,185.1
2021-10-01 22:00:00,162.95,157.96
2021-10-01 23:00:00,160.08,156.18
2021-10-02 00:00:00,113.0,112.89
2021-10-02 01:00:00,112.7,101.0
2021-10-02 02:00:00,99.21,99.31
2021-10-02 03:00:00,99.2,99.3
2021-10-02 04:00:00,99.22,99.32
2021-10-02 05:00:00,112.72,112.82
2021-10-02 06:00:00,146.0,146.0
2021-10-02 07:00:00,170.69,169.47
2021-10-02 08:00:00,166.05,163.0
2021-10-02 09:00:00,153.91,149.91
2021-10-02 10:00:00,150.43,145.44
2021-10-02 11:00:00,153.91,149.91
2021-10-02 12:00:00,153.91,145.0
2021-10-02 13:00:00,149.53,144.53
2021-10-02 14:00:00,128.03,123.03
2021-10-02 15:00:00,132.02,127.03
2021-10-02 16:00:00,160.71,155.71
2021-10-02 17:00:00,162.14,157.14
2021-10-02 18:00:00,216.85,211.86
2021-10-02 19:00:00,217.5,212.5
2021-10-02 20:00:00,182.79,177.0
2021-10-02 21:00:00,155.18,150.18
2021-10-02 22:00:00,150.43,145.0
2021-10-02 23:00:00,147.78,137.96
2021-10-03 00:00:00,153.57,148.57
2021-10-03 01:00:00,192.56,181.5
2021-10-03 02:00:00,189.5,173.91
2021-10-03 03:00:00,156.05,151.05
2021-10-03 04:00:00,182.5,172.5
2021-10-03 05:00:00,156.05,151.05
2021-10-03 06:00:00,185.16,162.71
2021-10-03 07:00:00,185.16,160.0
2021-10-03 08:00:00,156.05,151.06
2021-10-03 09:00:00,150.1,145.11
2021-10-03 10:00:00,153.57,148.58
2021-10-03 11:00:00,155.95,150.95
2021-10-03 12:00:00,149.49,141.71
2021-10-03 13:00:00,100.05,94.11
2021-10-03 14:00:00,113.0,104.49
2021-10-03 15:00:00,148.68,131.5
2021-10-03 16:00:00,151.09,141.09
2021-10-03 17:00:00,168.94,155.94
2021-10-03 18:00:00,224.28,200.0
2021-10-03 19:00:00,230.12,224.08
2021-10-03 20:00:00,227.54,222.55
2021-10-03 21:00:00,213.61,200.0
2021-10-03 22:00:00,189.98,164.06
2021-10-03 23:00:00,180.0,161.26
2021-10-04 00:00:00,153.86,148.87
2021-10-04 01:00:00,150.0,146.82
2021-10-04 02:00:00,150.1,145.11
2021-10-04 03:00:00,150.0,145.01
2021-10-04 04:00:00,150.0,145.01
2021-10-04 05:00:00,150.1,148.29
2021-10-04 06:00:00,157.21,155.01
2021-10-04 07:00:00,201.09,199.27
2021-10-04 08:00:00,199.4,194.41
2021-10-04 09:00:00,163.96,159.6
2021-10-04 10:00:00,155.04,150.5
2021-10-04 11:00:00,150.1,148.1
2021-10-04 12:00:00,150.1,137.11
2021-10-04 13:00:00,150.0,137.17
2021-10-04 14:00:00,150.1,139.11
2021-10-04 15:00:00,150.1,137.11
2021-10-04 16:00:00,167.03,155.84
2021-10-04 17:00:00,186.04,168.04
2021-10-04 18:00:00,238.24,212.24
2021-10-04 19:00:00,246.57,235.57
2021-10-04 20:00:00,227.37,220.0
2021-10-04 21:00:00,179.08,165.08
2021-10-04 22:00:00,158.3,141.59
2021-10-04 23:00:00,155.8,128.8
2021-10-05 00:00:00,152.78,149.0
2021-10-05 01:00:00,152.69,151.69
2021-10-05 02:00:00,152.69,152.5
2021-10-05 03:00:00,152.69,151.82
2021-10-05 04:00:00,152.69,151.69
2021-10-05 05:00:00,153.28,152.28
2021-10-05 06:00:00,205.54,153.68
2021-10-05 07:00:00,228.75,205.54
2021-10-05 08:00:00,220.0,226.0
2021-10-05 09:00:00,172.23,171.23
2021-10-05 10:00:00,156.87,155.87
2021-10-05 11:00:00,153.28,152.28
2021-10-05 12:00:00,153.28,150.28
2021-10-05 13:00:00,150.0,145.94
2021-10-05 14:00:00,128.09,127.99
2021-10-05 15:00:00,150.0,128.19
2021-10-05 16:00:00,158.99,148.99
2021-10-05 17:00:00,190.92,157.99
2021-10-05 18:00:00,225.0,190.92
2021-10-05 19:00:00,240.0,225.89
2021-10-05 20:00:00,200.45,193.0
2021-10-05 21:00:00,156.87,152.77
2021-10-05 22:00:00,156.09,153.09
2021-10-05 23:00:00,150.0,126.0
2021-10-06 00:00:00,150.0,139.71
2021-10-06 01:00:00,101.97,101.86
2021-10-06 02:00:00,145.27,140.27
2021-10-06 03:00:00,78.56,73.56
2021-10-06 04:00:00,145.27,140.27
2021-10-06 05:00:00,150.0,138.89
2021-10-06 06:00:00,165.04,152.77
2021-10-06 07:00:00,210.93,199.77
2021-10-06 08:00:00,232.23,232.12
2021-10-06 09:00:00,197.47,189.76
2021-10-06 10:00:00,190.95,179.86
2021-10-06 11:00:00,181.96,176.22
2021-10-06 12:00:00,172.4,163.0
2021-10-06 13:00:00,157.03,149.0
2021-10-06 14:00:00,157.03,149.0
2021-10-06 15:00:00,160.64,152.0
2021-10-06 16:00:00,196.4,186.0
2021-10-06 17:00:00,203.73,193.0
2021-10-06 18:00:00,240.55,228.0
2021-10-06 19:00:00,251.26,238.0
2021-10-06 20:00:00,238.37,226.0
2021-10-06 21:00:00,178.36,169.0
2021-10-06 22:00:00,201.03,196.03
2021-10-06 23:00:00,172.4,167.4
2021-10-07 00:00:00,175.0,154.67
2021-10-07 01:00:00,157.63,147.6
2021-10-07 02:00:00,157.63,152.63
2021-10-07 03:00:00,157.63,152.63
2021-10-07 04:00:00,159.58,154.58
2021-10-07 05:00:00,221.73,215.71
2021-10-07 06:00:00,252.06,246.04
2021-10-07 07:00:00,263.35,257.31
2021-10-07 08:00:00,269.28,263.27
2021-10-07 09:00:00,256.16,251.16
2021-10-07 10:00:00,270.33,258.09
2021-10-07 11:00:00,280.89,258.62
2021-10-07 12:00:00,263.34,246.61
2021-10-07 13:00:00,220.0,197.46
2021-10-07 14:00:00,177.22,161.49
2021-10-07 15:00:00,171.43,164.39
2021-10-07 16:00:00,156.05,137.82
2021-10-07 17:00:00,157.68,141.28
2021-10-07 18:00:00,255.65,241.89
2021-10-07 19:00:00,235.81,220.41
2021-10-07 20:00:00,171.08,164.38
2021-10-07 21:00:00,156.09,151.09
2021-10-07 22:00:00,157.63,152.64
2021-10-07 23:00:00,161.95,160.71
2021-10-08 00:00:00,157.51,155.51
2021-10-08 01:00:00,157.51,151.46
2021-10-08 02:00:00,157.51,151.46
2021-10-08 03:00:00,157.51,151.43
2021-10-08 04:00:00,153.91,147.87
2021-10-08 05:00:00,180.94,178.87
2021-10-08 06:00:00,233.46,218.8
2021-10-08 07:00:00,269.4,269.0
2021-10-08 08:00:00,281.07,287.94
2021-10-08 09:00:00,271.45,269.63
2021-10-08 10:00:00,240.0,240.0
2021-10-08 11:00:00,232.79,232.68
2021-10-08 12:00:00,223.09,223.0
2021-10-08 13:00:00,217.57,210.57
2021-10-08 14:00:00,221.69,225.0
2021-10-08 15:00:00,218.27,218.27
2021-10-08 16:00:00,228.64,230.82
2021-10-08 17:00:00,236.01,236.01
2021-10-08 18:00:00,267.95,260.95
2021-10-08 19:00:00,286.06,289.51
2021-10-08 20:00:00,251.97,254.27
2021-10-08 21:00:00,220.04,219.94
2021-10-08 22:00:00,205.04,207.0
2021-10-08 23:00:00,180.02,178.02
2021-10-09 00:00:00,156.05,153.05
2021-10-09 01:00:00,154.31,151.31
2021-10-09 02:00:00,153.52,150.52
2021-10-09 03:00:00,153.52,150.52
2021-10-09 04:00:00,153.52,150.52
2021-10-09 05:00:00,156.05,153.05
2021-10-09 06:00:00,177.2,170.0
2021-10-09 07:00:00,190.46,174.97
2021-10-09 08:00:00,216.08,205.0
2021-10-09 09:00:00,208.29,207.0
2021-10-09 10:00:00,201.52,182.0
2021-10-09 11:00:00,195.68,162.28
2021-10-09 12:00:00,183.17,162.84
2021-10-09 13:00:00,157.35,141.0
2021-10-09 14:00:00,155.95,142.76
2021-10-09 15:00:00,157.35,142.66
2021-10-09 16:00:00,197.94,165.0
2021-10-09 17:00:00,210.58,200.0
2021-10-09 18:00:00,230.02,229.02
2021-10-09 19:00:00,254.62,274.62
2021-10-09 20:00:00,239.08,234.08
2021-10-09 21:00:00,218.16,215.16
2021-10-09 22:00:00,206.4,186.4
2021-10-09 23:00:00,196.58,171.18
2021-10-10 00:00:00,159.6,155.6
2021-10-10 01:00:00,159.03,155.03
2021-10-10 02:00:00,156.97,145.0
2021-10-10 03:00:00,156.37,141.63
2021-10-10 04:00:00,156.98,134.34
2021-10-10 05:00:00,159.32,136.9
2021-10-10 06:00:00,157.35,127.39
2021-10-10 07:00:00,163.99,148.41
2021-10-10 08:00:00,169.11,156.6
2021-10-10 09:00:00,163.99,133.99
2021-10-10 10:00:00,180.82,172.83
2021-10-10 11:00:00,188.57,180.58
2021-10-10 12:00:00,189.88,181.89
2021-10-10 13:00:00,167.42,163.42
2021-10-10 14:00:00,156.37,152.37
2021-10-10 15:00:00,156.37,152.37
2021-10-10 16:00:00,187.66,184.16
2021-10-10 17:00:00,194.72,189.73
2021-10-10 18:00:00,231.39,231.39
2021-10-10 19:00:00,240.57,260.57
2021-10-10 20:00:00,231.34,231.42
2021-10-10 21:00:00,201.08,190.0
2021-10-10 22:00:00,178.83,157.35
2021-10-10 23:00:00,157.35,138.51
2021-10-11 00:00:00,149.14,153.14
2021-10-11 01:00:00,143.0,146.83
2021-10-11 02:00:00,135.5,143.03
2021-10-11 03:00:00,132.57,136.5
2021-10-11 04:00:00,136.5,143.71
2021-10-11 05:00:00,157.61,169.25
2021-10-11 06:00:00,203.86,220.0
2021-10-11 07:00:00,253.62,274.62
2021-10-11 08:00:00,278.04,286.04
2021-10-11 09:00:00,261.47,282.13
2021-10-11 10:00:00,238.9,253.9
2021-10-11 11:00:00,230.0,245.0
2021-10-11 12:00:00,213.27,221.19
2021-10-11 13:00:00,189.55,204.48
2021-10-11 14:00:00,180.0,180.0
2021-10-11 15:00:00,190.33,196.33
2021-10-11 16:00:00,225.0,227.0
2021-10-11 17:00:00,236.09,236.99
2021-10-11 18:00:00,268.44,268.44
2021-10-11 19:00:00,280.0,281.0
2021-10-11 20:00:00,241.96,244.96
2021-10-11 21:00:00,210.04,203.86
2021-10-11 22:00:00,180.91,180.91
2021-10-11 23:00:00,177.16,174.0
2021-10-12 00:00:00,148.43,140.1
2021-10-12 01:00:00,127.4,123.99
2021-10-12 02:00:00,147.0,142.0
2021-10-12 03:00:00,115.49,110.5
2021-10-12 04:00:00,148.0,143.0
2021-10-12 05:00:00,180.9,185.0
2021-10-12 06:00:00,224.92,230.0
2021-10-12 07:00:00,251.02,240.0
2021-10-12 08:00:00,271.16,267.14
2021-10-12 09:00:00,258.26,257.96
2021-10-12 10:00:00,233.53,229.37
2021-10-12 11:00:00,223.28,217.03
2021-10-12 12:00:00,201.09,199.09
2021-10-12 13:00:00,178.1,176.1
2021-10-12 14:00:00,175.21,173.55
2021-10-12 15:00:00,189.59,168.0
2021-10-12 16:00:00,214.86,222.86
2021-10-12 17:00:00,225.17,225.0
2021-10-12 18:00:00,253.62,254.12
2021-10-12 19:00:00,290.0,288.65
2021-10-12 20:00:00,253.62,245.62
2021-10-12 21:00:00,224.92,224.92
2021-10-12 22:00:00,213.11,204.69
2021-10-12 23:00:00,173.24,172.24
2021-10-13 00:00:00,154.15,154.15
2021-10-13 01:00:00,154.15,154.15
2021-10-13 02:00:00,154.15,154.05
2021-10-13 03:00:00,155.95,155.85
2021-10-13 04:00:00,157.4,157.3
2021-10-13 05:00:00,192.67,172.68
2021-10-13 06:00:00,225.24,223.87
2021-10-13 07:00:00,254.04,250.0
2021-10-13 08:00:00,273.0,270.0
2021-10-13 09:00:00,240.0,239.88
2021-10-13 10:00:00,221.14,221.0
2021-10-13 11:00:00,212.0,209.08
2021-10-13 12:00:00,199.6,177.49
2021-10-13 13:00:00,192.99,173.42
2021-10-13 14:00:00,200.0,181.13
2021-10-13 15:00:00,219.8,206.87
2021-10-13 16:00:00,235.22,225.0
2021-10-13 17:00:00,256.93,246.0
2021-10-13 18:00:00,282.23,277.23
2021-10-13 19:00:00,301.65,300.65
2021-10-13 20:00:00,268.26,262.0
2021-10-13 21:00:00,234.63,231.88
2021-10-13 22:00:00,223.8,223.8
2021-10-13 23:00:00,192.67,191.87
2021-10-14 00:00:00,181.65,180.3
2021-10-14 01:00:00,169.25,168.25
2021-10-14 02:00:00,157.3,156.3
2021-10-14 03:00:00,155.95,155.95
2021-10-14 04:00:00,157.3,157.3
2021-10-14 05:00:00,178.06,178.82
2021-10-14 06:00:00,210.19,207.27
2021-10-14 07:00:00,252.9,250.0
2021-10-14 08:00:00,263.09,262.0
2021-10-14 09:00:00,259.46,259.46
2021-10-14 10:00:00,240.03,240.03
2021-10-14 11:00:00,235.18,235.18
2021-10-14 12:00:00,222.11,222.21
2021-10-14 13:00:00,220.11,220.22
2021-10-14 14:00:00,218.42,218.42
2021-10-14 15:00:00,220.18,220.18
2021-10-14 16:00:00,225.68,225.68
2021-10-14 17:00:00,235.56,235.66
2021-10-14 18:00:00,263.63,260.0
2021-10-14 19:00:00,280.0,274.89
2021-10-14 20:00:00,191.16,191.16
2021-10-14 21:00:00,185.55,185.55
2021-10-14 22:00:00,169.25,168.38
2021-10-14 23:00:00,157.3,50.0
2021-10-15 00:00:00,151.0,151.1
2021-10-15 01:00:00,153.02,153.12
2021-10-15 02:00:00,149.0,135.99
2021-10-15 03:00:00,147.55,147.55
2021-10-15 04:00:00,144.84,144.84
2021-10-15 05:00:00,171.26,175.0
2021-10-15 06:00:00,212.24,214.6
2021-10-15 07:00:00,250.23,278.63
2021-10-15 08:00:00,269.5,277.0
2021-10-15 09:00:00,252.09,259.0
2021-10-15 10:00:00,236.54,243.0
2021-10-15 11:00:00,231.9,238.0
2021-10-15 12:00:00,226.73,226.62
2021-10-15 13:00:00,220.73,215.74
2021-10-15 14:00:00,218.73,198.67
2021-10-15 15:00:00,218.73,202.68
2021-10-15 16:00:00,219.84,207.0
2021-10-15 17:00:00,232.57,224.62
2021-10-15 18:00:00,263.06,249.99
2021-10-15 19:00:00,293.36,264.0
2021-10-15 20:00:00,244.53,241.43
2021-10-15 21:00:00,228.73,216.2
2021-10-15 22:00:00,224.52,214.18
2021-10-15 23:00:00,211.66,200.0
2021-10-16 00:00:00,150.29,137.3
2021-10-16 01:00:00,146.08,131.0
2021-10-16 02:00:00,145.27,133.0
2021-10-16 03:00:00,138.8,129.99
2021-10-16 04:00:00,151.73,137.31
2021-10-16 05:00:00,153.62,138.0
2021-10-16 06:00:00,185.51,166.0
2021-10-16 07:00:00,233.08,235.0
2021-10-16 08:00:00,237.81,240.68
2021-10-16 09:00:00,230.43,250.0
2021-10-16 10:00:00,205.0,210.4
2021-10-16 11:00:00,200.0,216.98
2021-10-16 12:00:00,210.23,204.23
2021-10-16 13:00:00,179.97,179.5
2021-10-16 14:00:00,171.99,171.99
2021-10-16 15:00:00,187.71,184.0
2021-10-16 16:00:00,211.51,211.41
2021-10-16 17:00:00,235.0,240.33
2021-10-16 18:00:00,262.54,265.0
2021-10-16 19:00:00,286.3,312.0
2021-10-16 20:00:00,266.11,270.0
2021-10-16 21:00:00,243.02,245.0
2021-10-16 22:00:00,231.67,232.0
2021-10-16 23:00:00,206.5,201.5
2021-10-17 00:00:00,181.83,176.84
2021-10-17 01:00:00,172.62,167.63
2021-10-17 02:00:00,172.61,168.86
2021-10-17 03:00:00,157.6,152.6
2021-10-17 04:00:00,157.16,152.16
2021-10-17 05:00:00,157.6,152.6
2021-10-17 06:00:00,176.66,171.66
2021-10-17 07:00:00,186.66,187.06
2021-10-17 08:00:00,186.68,186.68
2021-10-17 09:00:00,185.49,185.82
2021-10-17 10:00:00,181.25,181.25
2021-10-17 11:00:00,175.08,176.42
2021-10-17 12:00:00,175.11,180.0
2021-10-17 13:00:00,157.16,167.11
2021-10-17 14:00:00,159.99,167.99
2021-10-17 15:00:00,168.38,171.0
2021-10-17 16:00:00,180.89,185.49
2021-10-17 17:00:00,227.01,226.02
2021-10-17 18:00:00,265.49,264.89
2021-10-17 19:00:00,283.2,284.2
2021-10-17 20:00:00,262.62,264.12
2021-10-17 21:00:00,235.0,239.0
2021-10-17 22:00:00,220.54,216.54
2021-10-17 23:00:00,191.39,192.46
2021-10-18 00:00:00,154.12,149.0
2021-10-18 01:00:00,154.12,149.0
2021-10-18 02:00:00,150.88,146.0
2021-10-18 03:00:00,150.0,145.0
2021-10-18 04:00:00,150.2,145.0
2021-10-18 05:00:00,173.12,167.0
2021-10-18 06:00:00,236.73,252.0
2021-10-18 07:00:00,286.78,315.0
2021-10-18 08:00:00,306.42,335.0
2021-10-18 09:00:00,290.06,328.0
2021-10-18 10:00:00,259.67,260.67
2021-10-18 11:00:00,244.22,240.0
2021-10-18 12:00:00,228.0,220.01
2021-10-18 13:00:00,228.0,223.79
2021-10-18 14:00:00,229.83,232.0
2021-10-18 15:00:00,241.28,255.0
2021-10-18 16:00:00,244.53,267.0
2021-10-18 17:00:00,274.01,300.0
2021-10-18 18:00:00,315.3,328.0
2021-10-18 19:00:00,320.04,350.04
2021-10-18 20:00:00,290.0,315.0
2021-10-18 21:00:00,245.08,250.96
2021-10-18 22:00:00,227.36,198.0
2021-10-18 23:00:00,205.03,190.82
2021-10-19 00:00:00,203.0,198.0
2021-10-19 01:00:00,195.61,197.1
2021-10-19 02:00:00,188.05,188.15
2021-10-19 03:00:00,188.17,188.27
2021-10-19 04:00:00,190.5,192.86
2021-10-19 05:00:00,209.25,206.0
2021-10-19 06:00:00,263.51,263.57
2021-10-19 07:00:00,298.7,299.38
2021-10-19 08:00:00,313.12,339.0
2021-10-19 09:00:00,296.23,300.0
2021-10-19 10:00:00,259.18,259.18
2021-10-19 11:00:00,239.18,237.56
2021-10-19 12:00:00,230.82,214.82
2021-10-19 13:00:00,228.85,220.0
2021-10-19 14:00:00,232.45,216.45
2021-10-19 15:00:00,251.13,253.56
2021-10-19 16:00:00,272.83,283.89
2021-10-19 17:00:00,292.46,322.46
2021-10-19 18:00:00,330.0,361.0
2021-10-19 19:00:00,344.0,381.0
2021-10-19 20:00:00,312.0,330.0
2021-10-19 21:00:00,274.0,275.0
2021-10-19 22:00:00,240.71,252.0
2021-10-19 23:00:00,226.16,235.17
2021-10-20 00:00:00,180.07,179.58
2021-10-20 01:00:00,172.87,172.97
2021-10-20 02:00:00,172.69,172.79
2021-10-20 03:00:00,163.32,163.32
2021-10-20 04:00:00,172.7,172.7
2021-10-20 05:00:00,206.61,189.74
2021-10-20 06:00:00,245.02,239.24
2021-10-20 07:00:00,300.0,304.0
2021-10-20 08:00:00,313.0,328.0
2021-10-20 09:00:00,255.07,245.07
2021-10-20 10:00:00,215.22,180.22
2021-10-20 11:00:00,196.98,173.31
2021-10-20 12:00:00,184.99,173.31
2021-10-20 13:00:00,184.99,173.31
2021-10-20 14:00:00,188.37,173.31
2021-10-20 15:00:00,207.34,185.59
2021-10-20 16:00:00,249.87,249.97
2021-10-20 17:00:00,283.52,277.0
2021-10-20 18:00:00,313.31,307.0
2021-10-20 19:00:00,322.42,315.0
2021-10-20 20:00:00,293.53,287.0
2021-10-20 21:00:00,230.73,226.4
2021-10-20 22:00:00,227.89,227.99
2021-10-20 23:00:00,197.03,180.0
2021-10-21 00:00:00,188.87,181.57
2021-10-21 01:00:00,179.97,164.97
2021-10-21 02:00:00,175.5,158.69
2021-10-21 03:00:00,172.0,137.61
2021-10-21 04:00:00,175.5,140.04
2021-10-21 05:00:00,182.22,169.5
2021-10-21 06:00:00,241.35,241.34
2021-10-21 07:00:00,290.47,286.5
2021-10-21 08:00:00,296.03,295.93
2021-10-21 09:00:00,244.99,244.89
2021-10-21 10:00:00,210.23,209.21
2021-10-21 11:00:00,173.08,180.0
2021-10-21 12:00:00,157.45,162.45
2021-10-21 13:00:00,131.91,132.71
2021-10-21 14:00:00,153.25,153.15
2021-10-21 15:00:00,176.33,172.0
2021-10-21 16:00:00,219.41,219.0
2021-10-21 17:00:00,248.08,240.64
2021-10-21 18:00:00,292.06,292.0
2021-10-21 19:00:00,306.78,306.0
2021-10-21 20:00:00,250.0,242.01
2021-10-21 21:00:00,218.0,202.0
2021-10-21 22:00:00,213.15,193.53
2021-10-21 23:00:00,193.88,195.86
2021-10-22 00:00:00,191.97,179.26
2021-10-22 01:00:00,172.2,167.21
2021-10-22 02:00:00,172.2,165.99
2021-10-22 03:00:00,172.2,169.5
2021-10-22 04:00:00,176.0,175.0
2021-10-22 05:00:00,212.74,207.75
2021-10-22 06:00:00,271.36,267.47
2021-10-22 07:00:00,314.66,314.56
2021-10-22 08:00:00,327.96,327.86
2021-10-22 09:00:00,293.2,281.58
2021-10-22 10:00:00,254.35,244.35
2021-10-22 11:00:00,238.85,185.16
2021-10-22 12:00:00,217.35,176.36
2021-10-22 13:00:00,209.56,165.02
2021-10-22 14:00:00,217.67,179.91
2021-10-22 15:00:00,239.0,221.99
2021-10-22 16:00:00,274.34,265.0
2021-10-22 17:00:00,277.07,268.62
2021-10-22 18:00:00,324.9,321.0
2021-10-22 19:00:00,318.01,315.91
2021-10-22 20:00:00,265.0,250.0
2021-10-22 21:00:00,246.43,228.75
2021-10-22 22:00:00,218.11,218.11
2021-10-22 23:00:00,210.45,209.87
2021-10-23 00:00:00,183.91,178.92
2021-10-23 01:00:00,172.76,167.77
2021-10-23 02:00:00,163.92,158.93
2021-10-23 03:00:00,157.84,153.84
2021-10-23 04:00:00,163.03,162.03
2021-10-23 05:00:00,177.19,176.19
2021-10-23 06:00:00,191.5,174.73
2021-10-23 07:00:00,236.66,224.16
2021-10-23 08:00:00,241.0,238.0
2021-10-23 09:00:00,237.58,232.58
2021-10-23 10:00:00,220.82,214.87
2021-10-23 11:00:00,207.23,182.85
2021-10-23 12:00:00,193.25,184.65
2021-10-23 13:00:00,180.43,175.14
2021-10-23 14:00:00,179.03,173.67
2021-10-23 15:00:00,185.76,161.71
2021-10-23 16:00:00,205.59,173.67
2021-10-23 17:00:00,231.86,201.72
2021-10-23 18:00:00,288.58,279.93
2021-10-23 19:00:00,304.18,300.16
2021-10-23 20:00:00,254.62,251.5
2021-10-23 21:00:00,219.0,200.0
2021-10-23 22:00:00,215.73,213.87
2021-10-23 23:00:00,195.55,180.0
2021-10-24 00:00:00,205.59,220.59
2021-10-24 01:00:00,189.74,193.56
2021-10-24 02:00:00,179.22,179.32
2021-10-24 03:00:00,162.9,174.9
2021-10-24 04:00:00,155.58,170.58
2021-10-24 05:00:00,161.88,176.64
2021-10-24 06:00:00,177.8,177.8
2021-10-24 07:00:00,185.49,183.04
2021-10-24 08:00:00,157.4,156.4
2021-10-24 09:00:00,171.6,170.6
2021-10-24 10:00:00,182.69,181.69
2021-10-24 11:00:00,181.22,181.58
2021-10-24 12:00:00,180.71,180.36
2021-10-24 13:00:00,157.32,156.32
2021-10-24 14:00:00,151.9,122.0
2021-10-24 15:00:00,153.13,146.0
2021-10-24 16:00:00,171.91,163.46
2021-10-24 17:00:00,176.46,175.46
2021-10-24 18:00:00,220.59,218.47
2021-10-24 19:00:00,207.33,205.17
2021-10-24 20:00:00,182.58,181.58
2021-10-24 21:00:00,175.05,170.06
2021-10-24 22:00:00,158.08,153.09
2021-10-24 23:00:00,113.0,113.0
2021-10-25 00:00:00,154.01,155.89
2021-10-25 01:00:00,150.05,151.05
2021-10-25 02:00:00,135.01,135.0
2021-10-25 03:00:00,115.08,114.0
2021-10-25 04:00:00,131.0,123.0
2021-10-25 05:00:00,175.99,175.99
2021-10-25 06:00:00,209.59,209.59
2021-10-25 07:00:00,242.06,241.06
2021-10-25 08:00:00,243.3,244.29
2021-10-25 09:00:00,210.02,209.02
2021-10-25 10:00:00,195.06,194.06
2021-10-25 11:00:00,159.13,158.13
2021-10-25 12:00:00,153.64,152.64
2021-10-25 13:00:00,149.94,150.0
2021-10-25 14:00:00,153.64,152.64
2021-10-25 15:00:00,172.36,169.06
2021-10-25 16:00:00,202.05,198.05
2021-10-25 17:00:00,220.43,216.43
2021-10-25 18:00:00,255.1,252.11
2021-10-25 19:00:00,262.0,251.01
2021-10-25 20:00:00,230.72,226.72
2021-10-25 21:00:00,224.23,220.0
2021-10-25 22:00:00,219.63,204.95
2021-10-25 23:00:00,179.13,169.13
2021-10-26 00:00:00,149.56,144.57
2021-10-26 01:00:00,150.0,146.19
2021-10-26 02:00:00,135.96,135.85
2021-10-26 03:00:00,122.78,122.78
2021-10-26 04:00:00,152.0,147.01
2021-10-26 05:00:00,173.03,172.03
2021-10-26 06:00:00,227.74,245.98
2021-10-26 07:00:00,276.03,276.03
2021-10-26 08:00:00,302.07,291.8
2021-10-26 09:00:00,254.62,253.27
2021-10-26 10:00:00,212.0,202.0
2021-10-26 11:00:00,205.36,185.36
2021-10-26 12:00:00,204.0,184.0
2021-10-26 13:00:00,203.24,183.24
2021-10-26 14:00:00,210.0,190.0
2021-10-26 15:00:00,212.0,192.0
2021-10-26 16:00:00,253.62,247.0
2021-10-26 17:00:00,259.07,253.33
2021-10-26 18:00:00,312.0,310.0
2021-10-26 19:00:00,313.01,307.4
2021-10-26 20:00:00,255.62,250.0
2021-10-26 21:00:00,225.29,230.0
2021-10-26 22:00:00,221.39,224.72
2021-10-26 23:00:00,203.09,199.0
2021-10-27 00:00:00,162.23,152.12
2021-10-27 01:00:00,152.88,142.34
2021-10-27 02:00:00,150.0,137.01
2021-10-27 03:00:00,150.37,134.31
2021-10-27 04:00:00,156.73,150.0
2021-10-27 05:00:00,206.22,181.52
2021-10-27 06:00:00,244.11,242.11
2021-10-27 07:00:00,263.42,253.42
2021-10-27 08:00:00,270.01,262.0
2021-10-27 09:00:00,234.65,240.05
2021-10-27 10:00:00,180.0,179.0
2021-10-27 11:00:00,176.46,130.0
2021-10-27 12:00:00,171.99,130.0
2021-10-27 13:00:00,166.91,130.0
2021-10-27 14:00:00,171.78,130.0
2021-10-27 15:00:00,171.99,130.0
2021-10-27 16:00:00,220.68,187.88
2021-10-27 17:00:00,240.26,231.0
2021-10-27 18:00:00,288.8,276.62
2021-10-27 19:00:00,284.79,275.77
2021-10-27 20:00:00,244.11,236.1
2021-10-27 21:00:00,223.01,196.74
2021-10-27 22:00:00,215.0,198.19
2021-10-27 23:00:00,187.99,179.0
2021-10-28 00:00:00,188.81,175.82
2021-10-28 01:00:00,156.73,150.63
2021-10-28 02:00:00,152.23,144.62
2021-10-28 03:00:00,152.23,145.88
2021-10-28 04:00:00,171.03,159.46
2021-10-28 05:00:00,194.81,186.81
2021-10-28 06:00:00,219.9,218.9
2021-10-28 07:00:00,250.0,249.9
2021-10-28 08:00:00,259.08,255.21
2021-10-28 09:00:00,239.94,214.49
2021-10-28 10:00:00,209.56,199.77
2021-10-28 11:00:00,165.54,143.33
2021-10-28 12:00:00,152.23,122.22
2021-10-28 13:00:00,152.0,121.99
2021-10-28 14:00:00,152.04,122.04
2021-10-28 15:00:00,193.18,163.18
2021-10-28 16:00:00,215.02,214.91
2021-10-28 17:00:00,244.9,239.9
2021-10-28 18:00:00,255.0,249.0
2021-10-28 19:00:00,255.1,253.45
2021-10-28 20:00:00,230.91,224.0
2021-10-28 21:00:00,215.33,211.79
2021-10-28 22:00:00,207.04,208.04
2021-10-28 23:00:00,183.14,157.75
2021-10-29 00:00:00,152.05,147.06
2021-10-29 01:00:00,138.75,133.76
2021-10-29 02:00:00,113.0,108.21
2021-10-29 03:00:00,112.02,111.91
2021-10-29 04:00:00,118.22,116.07
2021-10-29 05:00:00,172.7,167.71
2021-10-29 06:00:00,217.36,212.36
2021-10-29 07:00:00,250.1,238.19
2021-10-29 08:00:00,252.72,239.72
2021-10-29 09:00:00,215.0,170.0
2021-10-29 10:00:00,186.0,176.93
2021-10-29 11:00:00,165.07,159.55
2021-10-29 12:00:00,156.73,133.07
2021-10-29 13:00:00,151.99,129.98
2021-10-29 14:00:00,151.99,135.65
2021-10-29 15:00:00,152.04,138.21
2021-10-29 16:00:00,194.99,188.99
2021-10-29 17:00:00,230.5,220.5
2021-10-29 18:00:00,245.0,238.72
2021-10-29 19:00:00,244.42,227.2
2021-10-29 20:00:00,221.48,195.96
2021-10-29 21:00:00,204.2,176.24
2021-10-29 22:00:00,195.7,180.13
2021-10-29 23:00:00,157.55,127.55
2021-10-30 00:00:00,177.09,176.09
2021-10-30 01:00:00,161.38,156.39
2021-10-30 02:00:00,155.8,151.76
2021-10-30 03:00:00,155.8,150.81
2021-10-30 04:00:00,156.0,152.15
2021-10-30 05:00:00,155.8,154.8
2021-10-30 06:00:00,180.08,179.97
2021-10-30 07:00:00,197.35,204.02
2021-10-30 08:00:00,210.95,222.3
2021-10-30 09:00:00,177.17,175.25
2021-10-30 10:00:00,171.13,170.13
2021-10-30 11:00:00,152.1,145.17
2021-10-30 12:00:00,150.0,149.89
2021-10-30 13:00:00,134.76,134.76
2021-10-30 14:00:00,135.82,135.82
2021-10-30 15:00:00,156.83,144.31
2021-10-30 16:00:00,176.28,160.28
2021-10-30 17:00:00,199.53,200.0
2021-10-30 18:00:00,228.6,228.6
2021-10-30 19:00:00,242.56,238.95
2021-10-30 20:00:00,226.5,224.87
2021-10-30 21:00:00,205.0,209.0
2021-10-30 22:00:00,179.12,172.83
2021-10-30 23:00:00,156.83,149.7
2021-11-01 00:00:00,178.6,178.7
2021-11-01 01:00:00,162.53,160.4
2021-11-01 02:00:00,151.56,150.0
2021-11-01 03:00:00,140.97,143.06
2021-11-01 04:00:00,140.5,140.59
2021-11-01 05:00:00,193.22,188.23
2021-11-01 06:00:00,240.51,235.51
2021-11-01 07:00:00,242.51,241.51
2021-11-01 08:00:00,243.51,236.28
2021-11-01 09:00:00,239.51,232.8
2021-11-01 10:00:00,222.27,222.17
2021-11-01 11:00:00,217.42,217.32
2021-11-01 12:00:00,217.94,206.21
2021-11-01 13:00:00,217.42,212.42
2021-11-01 14:00:00,227.91,222.92
2021-11-01 15:00:00,249.51,239.7
2021-11-01 16:00:00,256.08,238.31
2021-11-01 17:00:00,283.51,269.53
2021-11-01 18:00:00,278.51,270.1
2021-11-01 19:00:00,252.08,247.08
2021-11-01 20:00:00,239.51,229.7
2021-11-01 21:00:00,202.77,188.87
2021-11-01 22:00:00,199.47,193.36
2021-11-01 23:00:00,192.33,165.63
2021-11-02 00:00:00,220.0,215.0
2021-11-02 01:00:00,198.59,193.59
2021-11-02 02:00:00,178.55,173.55
2021-11-02 03:00:00,119.0,113.0
2021-11-02 04:00:00,123.51,108.0
2021-11-02 05:00:00,155.24,150.24
2021-11-02 06:00:00,187.49,179.4
2021-11-02 07:00:00,216.83,209.0
2021-11-02 08:00:00,234.98,221.38
2021-11-02 09:00:00,208.78,202.73
2021-11-02 10:00:00,210.76,192.49
2021-11-02 11:00:00,198.71,186.49
2021-11-02 12:00:00,194.0,189.0
2021-11-02 13:00:00,171.23,147.15
2021-11-02 14:00:00,191.79,187.0
2021-11-02 15:00:00,217.8,214.04
2021-11-02 16:00:00,248.93,217.0
2021-11-02 17:00:00,270.81,263.27
2021-11-02 18:00:00,293.36,292.86
2021-11-02 19:00:00,280.0,258.3
2021-11-02 20:00:00,231.0,210.0
2021-11-02 21:00:00,201.0,184.0
2021-11-02 22:00:00,179.99,156.59
2021-11-02 23:00:00,167.0,144.81
2021-11-03 00:00:00,161.0,139.96
2021-11-03 01:00:00,186.93,140.0
2021-11-03 02:00:00,190.25,137.36
2021-11-03 03:00:00,192.18,139.86
2021-11-03 04:00:00,197.57,199.49
2021-11-03 05:00:00,204.23,206.07
2021-11-03 06:00:00,255.1,261.84
2021-11-03 07:00:00,205.54,204.0
2021-11-03 08:00:00,230.09,212.19
2021-11-03 09:00:00,219.09,203.09
2021-11-03 10:00:00,210.2,188.7
2021-11-03 11:00:00,205.45,165.92
2021-11-03 12:00:00,203.3,149.2
2021-11-03 13:00:00,199.11,198.87
2021-11-03 14:00:00,215.9,210.91
2021-11-03 15:00:00,249.93,241.93
2021-11-03 16:00:00,267.19,255.13
2021-11-03 17:00:00,295.41,290.41
2021-11-03 18:00:00,318.94,313.95
2021-11-03 19:00:00,297.12,292.13
2021-11-03 20:00:00,252.19,247.2
2021-11-03 21:00:00,203.7,198.71
2021-11-03 22:00:00,192.18,191.18
2021-11-03 23:00:00,187.66,187.56
2021-11-04 00:00:00,165.39,145.39
2021-11-04 01:00:00,152.51,121.59
2021-11-04 02:00:00,145.87,115.0
2021-11-04 03:00:00,143.06,100.75
2021-11-04 04:00:00,145.38,120.9
2021-11-04 05:00:00,159.61,139.0
2021-11-04 06:00:00,183.77,126.21
2021-11-04 07:00:00,210.8,123.37
2021-11-04 08:00:00,213.77,126.15
2021-11-04 09:00:00,203.33,139.74
2021-11-04 10:00:00,200.97,191.0
2021-11-04 11:00:00,199.0,203.89
2021-11-04 12:00:00,186.37,159.03
2021-11-04 13:00:00,179.7,155.0
2021-11-04 14:00:00,196.0,185.0
2021-11-04 15:00:00,228.93,212.74
2021-11-04 16:00:00,246.56,196.09
2021-11-04 17:00:00,275.21,180.38
2021-11-04 18:00:00,251.02,195.0
2021-11-04 19:00:00,227.32,227.32
2021-11-04 20:00:00,208.1,198.1
2021-11-04 21:00:00,195.17,193.69
2021-11-04 22:00:00,191.0,186.0
2021-11-04 23:00:00,177.86,158.84
2021-11-05 00:00:00,200.6,192.0
2021-11-05 01:00:00,190.9,190.31
2021-11-05 02:00:00,177.81,179.22
2021-11-05 03:00:00,177.29,172.79
2021-11-05 04:00:00,190.9,185.9
2021-11-05 05:00:00,202.88,197.47
2021-11-05 06:00:00,215.84,209.0
2021-11-05 07:00:00,212.2,201.7
2021-11-05 08:00:00,237.01,239.0
2021-11-05 09:00:00,213.9,213.8
2021-11-05 10:00:00,206.9,206.9
2021-11-05 11:00:00,205.9,210.0
2021-11-05 12:00:00,200.9,200.9
2021-11-05 13:00:00,199.96,205.0
2021-11-05 14:00:00,215.6,217.6
2021-11-05 15:00:00,233.19,230.0
2021-11-05 16:00:00,250.9,250.9
2021-11-05 17:00:00,259.46,255.94
2021-11-05 18:00:00,255.0,245.0
2021-11-05 19:00:00,241.6,236.6
2021-11-05 20:00:00,210.0,206.47
2021-11-05 21:00:00,198.1,198.1
2021-11-05 22:00:00,189.75,191.0
2021-11-05 23:00:00,183.5,188.06
2021-11-06 00:00:00,201.44,214.62
2021-11-06 01:00:00,205.0,204.89
2021-11-06 02:00:00,193.75,192.75
2021-11-06 03:00:00,188.4,189.4
2021-11-06 04:00:00,193.75,189.4
2021-11-06 05:00:00,205.0,200.01
2021-11-06 06:00:00,205.0,200.01
2021-11-06 07:00:00,249.02,248.91
2021-11-06 08:00:00,226.2,226.3
2021-11-06 09:00:00,205.0,205.0
2021-11-06 10:00:00,205.0,201.3
2021-11-06 11:00:00,205.0,200.01
2021-11-06 12:00:00,205.0,204.7
2021-11-06 13:00:00,202.52,201.93
2021-11-06 14:00:00,205.0,200.32
2021-11-06 15:00:00,205.0,208.0
2021-11-06 16:00:00,234.63,246.36
2021-11-06 17:00:00,252.02,264.12
2021-11-06 18:00:00,214.37,214.27
2021-11-06 19:00:00,205.0,206.89
2021-11-06 20:00:00,193.75,194.2
2021-11-06 21:00:00,188.4,189.0
2021-11-06 22:00:00,188.38,190.38
2021-11-06 23:00:00,160.73,161.23
2021-11-07 00:00:00,181.47,176.47
2021-11-07 01:00:00,170.8,165.0
2021-11-07 02:00:00,165.92,150.0
2021-11-07 03:00:00,77.43,81.3
2021-11-07 04:00:00,78.88,80.83
2021-11-07 05:00:00,139.77,137.59
2021-11-07 06:00:00,177.0,150.0
2021-11-07 07:00:00,177.02,159.42
2021-11-07 08:00:00,171.01,164.9
2021-11-07 09:00:00,191.34,175.5
2021-11-07 10:00:00,192.47,189.74
2021-11-07 11:00:00,203.33,183.33
2021-11-07 12:00:00,205.0,192.55
2021-11-07 13:00:00,198.4,174.5
2021-11-07 14:00:00,205.0,174.5
2021-11-07 15:00:00,209.15,188.08
2021-11-07 16:00:00,231.4,196.4
2021-11-07 17:00:00,239.0,215.11
2021-11-07 18:00:00,239.0,217.9
2021-11-07 19:00:00,231.4,201.0
2021-11-07 20:00:00,215.0,190.0
2021-11-07 21:00:00,203.33,187.9
2021-11-07 22:00:00,190.33,185.33
2021-11-07 23:00:00,187.94,177.43
2021-11-08 00:00:00,172.86,170.86
2021-11-08 01:00:00,165.68,163.68
2021-11-08 02:00:00,156.41,161.41
2021-11-08 03:00:00,155.07,159.68
2021-11-08 04:00:00,162.85,161.05
2021-11-08 05:00:00,196.15,191.97
2021-11-08 06:00:00,210.0,213.0
2021-11-08 07:00:00,229.02,227.02
2021-11-08 08:00:00,248.05,243.5
2021-11-08 09:00:00,242.55,243.0
2021-11-08 10:00:00,225.69,230.69
2021-11-08 11:00:00,223.13,230.0
2021-11-08 12:00:00,216.5,222.0
2021-11-08 13:00:00,215.0,226.0
2021-11-08 14:00:00,235.0,238.94
2021-11-08 15:00:00,257.52,252.52
2021-11-08 16:00:00,267.21,267.21
2021-11-08 17:00:00,290.36,285.05
2021-11-08 18:00:00,299.9,290.01
2021-11-08 19:00:00,270.0,265.01
2021-11-08 20:00:00,226.7,219.6
2021-11-08 21:00:00,205.0,200.0
2021-11-08 22:00:00,190.91,196.82
2021-11-08 23:00:00,190.91,196.84
2021-11-09 00:00:00,181.0,180.9
2021-11-09 01:00:00,173.5,173.6
2021-11-09 02:00:00,166.11,166.11
2021-11-09 03:00:00,160.58,164.59
2021-11-09 04:00:00,160.57,165.0
2021-11-09 05:00:00,198.52,196.32
2021-11-09 06:00:00,240.53,225.2
2021-11-09 07:00:00,254.45,235.0
2021-11-09 08:00:00,255.27,255.0
2021-11-09 09:00:00,243.02,255.0
2021-11-09 10:00:00,223.13,235.8
2021-11-09 11:00:00,220.01,231.7
2021-11-09 12:00:00,216.0,228.0
2021-11-09 13:00:00,218.2,230.0
2021-11-09 14:00:00,234.8,207.52
2021-11-09 15:00:00,246.19,199.69
2021-11-09 16:00:00,252.63,182.0
2021-11-09 17:00:00,270.78,171.0
2021-11-09 18:00:00,270.04,171.0
2021-11-09 19:00:00,239.44,163.11
2021-11-09 20:00:00,218.4,158.0
2021-11-09 21:00:00,197.52,160.57
2021-11-09 22:00:00,187.69,191.0
2021-11-09 23:00:00,181.52,181.42
2021-11-10 00:00:00,181.99,181.49
2021-11-10 01:00:00,165.08,165.18
2021-11-10 02:00:00,153.96,154.06
2021-11-10 03:00:00,145.68,145.78
2021-11-10 04:00:00,152.93,153.03
2021-11-10 05:00:00,177.66,176.99
2021-11-10 06:00:00,220.52,190.1
2021-11-10 07:00:00,231.95,224.56
2021-11-10 08:00:00,248.44,255.0
2021-11-10 09:00:00,206.96,213.96
2021-11-10 10:00:00,193.02,207.81
2021-11-10 11:00:00,190.86,203.86
2021-11-10 12:00:00,193.66,200.25
2021-11-10 13:00:00,195.84,197.0
2021-11-10 14:00:00,228.0,228.0
2021-11-10 15:00:00,251.44,236.63
2021-11-10 16:00:00,270.97,265.0
2021-11-10 17:00:00,295.0,288.0
2021-11-10 18:00:00,302.8,285.71
2021-11-10 19:00:00,278.76,260.0
2021-11-10 20:00:00,231.98,228.0
2021-11-10 21:00:00,199.0,199.1
2021-11-10 22:00:00,202.0,185.0
2021-11-10 23:00:00,186.81,175.99
2021-11-11 00:00:00,168.03,148.34
2021-11-11 01:00:00,161.36,145.23
2021-11-11 02:00:00,153.41,144.97
2021-11-11 03:00:00,152.5,137.78
2021-11-11 04:00:00,155.0,142.51
2021-11-11 05:00:00,160.09,144.09
2021-11-11 06:00:00,193.93,193.13
2021-11-11 07:00:00,221.84,191.7
2021-11-11 08:00:00,222.97,187.86
2021-11-11 09:00:00,215.96,186.26
2021-11-11 10:00:00,199.2,200.0
2021-11-11 11:00:00,191.6,193.71
2021-11-11 12:00:00,187.86,182.87
2021-11-11 13:00:00,186.26,182.5
2021-11-11 14:00:00,208.5,208.0
2021-11-11 15:00:00,238.77,235.0
2021-11-11 16:00:00,256.41,239.22
2021-11-11 17:00:00,280.0,201.0
2021-11-11 18:00:00,263.86,192.01
2021-11-11 19:00:00,252.24,166.28
2021-11-11 20:00:00,226.22,173.53
2021-11-11 21:00:00,201.0,153.36
2021-11-11 22:00:00,180.01,158.0
2021-11-11 23:00:00,164.79,141.08
2021-11-12 00:00:00,167.72,172.0
2021-11-12 01:00:00,164.25,173.38
2021-11-12 02:00:00,150.94,161.0
2021-11-12 03:00:00,153.0,153.1
2021-11-12 04:00:00,159.87,159.97
2021-11-12 05:00:00,166.92,184.67
2021-11-12 06:00:00,207.09,232.09
2021-11-12 07:00:00,223.13,227.23
2021-11-12 08:00:00,236.83,234.83
2021-11-12 09:00:00,224.94,225.0
2021-11-12 10:00:00,204.61,220.0
2021-11-12 11:00:00,199.23,211.23
2021-11-12 12:00:00,200.55,205.24
2021-11-12 13:00:00,202.0,205.0
2021-11-12 14:00:00,230.01,225.98
2021-11-12 15:00:00,256.99,257.09
2021-11-12 16:00:00,294.05,310.0
2021-11-12 17:00:00,317.87,326.9
2021-11-12 18:00:00,314.12,323.0
2021-11-12 19:00:00,303.0,311.6
2021-11-12 20:00:00,258.3,273.0
2021-11-12 21:00:00,246.3,254.41
2021-11-12 22:00:00,240.3,254.7
2021-11-12 23:00:00,197.87,203.8
2021-11-13 00:00:00,239.44,178.9
2021-11-13 01:00:00,224.53,158.72
2021-11-13 02:00:00,183.69,165.0
2021-11-13 03:00:00,177.0,159.0
2021-11-13 04:00:00,195.59,158.72
2021-11-13 05:00:00,195.59,163.16
2021-11-13 06:00:00,209.24,159.75
2021-11-13 07:00:00,213.92,203.92
2021-11-13 08:00:00,210.74,195.22
2021-11-13 09:00:00,202.75,182.76
2021-11-13 10:00:00,201.42,181.43
2021-11-13 11:00:00,201.92,184.24
2021-11-13 12:00:00,202.78,184.37
2021-11-13 13:00:00,202.27,183.01
2021-11-13 14:00:00,245.18,221.74
2021-11-13 15:00:00,254.18,224.18
2021-11-13 16:00:00,279.18,251.0
2021-11-13 17:00:00,309.53,303.73
2021-11-13 18:00:00,308.65,277.0
2021-11-13 19:00:00,299.18,279.18
2021-11-13 20:00:00,279.18,269.18
2021-11-13 21:00:00,260.18,250.18
2021-11-13 22:00:00,251.18,245.39
2021-11-13 23:00:00,202.01,192.01
2021-11-14 00:00:00,208.0,201.7
2021-11-14 01:00:00,239.36,221.0
2021-11-14 02:00:00,194.58,189.58
2021-11-14 03:00:00,189.27,180.0
2021-11-14 04:00:00,194.58,189.0
2021-11-14 05:00:00,226.21,207.79
2021-11-14 06:00:00,194.58,181.58
2021-11-14 07:00:00,202.8,197.8
2021-11-14 08:00:00,205.91,199.73
2021-11-14 09:00:00,207.8,202.53
2021-11-14 10:00:00,214.9,201.91
2021-11-14 11:00:00,239.36,220.9
2021-11-14 12:00:00,239.36,220.11
2021-11-14 13:00:00,194.58,174.59
2021-11-14 14:00:00,239.26,216.9
2021-11-14 15:00:00,217.42,197.5
2021-11-14 16:00:00,248.36,250.56
2021-11-14 17:00:00,254.36,256.56
2021-11-14 18:00:00,260.36,260.36
2021-11-14 19:00:00,260.36,260.36
2021-11-14 20:00:00,254.36,250.0
2021-11-14 21:00:00,245.36,234.0
2021-11-14 22:00:00,248.36,223.0
2021-11-14 23:00:00,207.91,202.91
2021-11-15 00:00:00,195.37,200.7
2021-11-15 01:00:00,239.15,239.16
2021-11-15 02:00:00,195.37,196.0
2021-11-15 03:00:00,189.68,190.0
2021-11-15 04:00:00,189.68,190.0
2021-11-15 05:00:00,239.15,239.25
2021-11-15 06:00:00,239.15,239.25
2021-11-15 07:00:00,245.35,242.0
2021-11-15 08:00:00,262.18,264.0
2021-11-15 09:00:00,265.0,267.0
2021-11-15 10:00:00,263.33,265.0
2021-11-15 11:00:00,260.48,263.0
2021-11-15 12:00:00,260.06,262.0
2021-11-15 13:00:00,255.61,258.0
2021-11-15 14:00:00,258.13,260.0
2021-11-15 15:00:00,266.0,289.57
2021-11-15 16:00:00,274.94,275.44
2021-11-15 17:00:00,300.01,301.99
2021-11-15 18:00:00,290.49,285.49
2021-11-15 19:00:00,272.58,262.57
2021-11-15 20:00:00,238.76,226.82
2021-11-15 21:00:00,217.8,210.79
2021-11-15 22:00:00,194.89,178.89
2021-11-15 23:00:00,180.0,155.86
2021-11-16 00:00:00,182.52,184.0
2021-11-16 01:00:00,167.37,174.7
2021-11-16 02:00:00,162.84,171.4
2021-11-16 03:00:00,160.25,167.28
2021-11-16 04:00:00,161.13,166.64
2021-11-16 05:00:00,177.3,193.0
2021-11-16 06:00:00,220.35,235.0
2021-11-16 07:00:00,270.0,285.0
2021-11-16 08:00:00,280.0,280.0
2021-11-16 09:00:00,273.78,281.78
2021-11-16 10:00:00,266.47,270.73
2021-11-16 11:00:00,265.03,270.0
2021-11-16 12:00:00,263.21,271.21
2021-11-16 13:00:00,264.64,273.0
2021-11-16 14:00:00,271.09,271.09
2021-11-16 15:00:00,280.0,280.0
2021-11-16 16:00:00,280.59,280.0
2021-11-16 17:00:00,312.18,302.61
2021-11-16 18:00:00,307.64,297.0
2021-11-16 19:00:00,289.55,280.93
2021-11-16 20:00:00,252.24,250.0
2021-11-16 21:00:00,220.38,214.0
2021-11-16 22:00:00,196.62,196.72
2021-11-16 23:00:00,190.11,172.04
2021-11-17 00:00:00,200.04,180.51
2021-11-17 01:00:00,189.1,179.1
2021-11-17 02:00:00,185.0,177.11
2021-11-17 03:00:00,185.0,182.56
2021-11-17 04:00:00,193.92,180.06
2021-11-17 05:00:00,200.6,200.6
2021-11-17 06:00:00,227.17,215.89
2021-11-17 07:00:00,266.42,240.28
2021-11-17 08:00:00,280.0,250.0
2021-11-17 09:00:00,280.0,260.33
2021-11-17 10:00:00,274.97,270.0
2021-11-17 11:00:00,275.85,270.0
2021-11-17 12:00:00,271.47,267.61
2021-11-17 13:00:00,275.69,271.86
2021-11-17 14:00:00,284.26,280.86
2021-11-17 15:00:00,293.42,293.32
2021-11-17 16:00:00,299.22,296.06
2021-11-17 17:00:00,319.93,289.93
2021-11-17 18:00:00,316.69,294.77
2021-11-17 19:00:00,300.01,297.98
2021-11-17 20:00:00,271.19,269.16
2021-11-17 21:00:00,259.93,257.9
2021-11-17 22:00:00,246.93,243.91
2021-11-17 23:00:00,207.13,202.14
2021-11-18 00:00:00,221.44,205.94
2021-11-18 01:00:00,215.16,212.67
2021-11-18 02:00:00,212.26,209.48
2021-11-18 03:00:00,197.83,172.83
2021-11-18 04:00:00,199.5,199.5
2021-11-18 05:00:00,220.82,213.87
2021-11-18 06:00:00,253.58,264.24
2021-11-18 07:00:00,307.5,315.73
2021-11-18 08:00:00,311.22,309.9
2021-11-18 09:00:00,306.14,263.0
2021-11-18 10:00:00,293.98,261.0
2021-11-18 11:00:00,275.73,262.0
2021-11-18 12:00:00,274.62,263.0
2021-11-18 13:00:00,278.86,262.0
2021-11-18 14:00:00,303.02,252.24
2021-11-18 15:00:00,316.66,261.0
2021-11-18 16:00:00,334.36,288.3
2021-11-18 17:00:00,356.95,319.28
2021-11-18 18:00:00,352.12,318.3
2021-11-18 19:00:00,334.41,309.3
2021-11-18 20:00:00,313.78,287.2
2021-11-18 21:00:00,272.17,267.0
2021-11-18 22:00:00,252.93,244.89
2021-11-18 23:00:00,230.16,230.66
2021-11-19 00:00:00,220.05,221.63
2021-11-19 01:00:00,215.57,216.02
2021-11-19 02:00:00,213.26,212.26
2021-11-19 03:00:00,198.0,204.77
2021-11-19 04:00:00,199.67,205.57
2021-11-19 05:00:00,214.33,212.98
2021-11-19 06:00:00,239.38,240.0
2021-11-19 07:00:00,293.84,293.94
2021-11-19 08:00:00,290.04,293.03
2021-11-19 09:00:00,277.02,278.52
2021-11-19 10:00:00,252.24,239.24
2021-11-19 11:00:00,247.0,259.0
2021-11-19 12:00:00,231.69,230.05
2021-11-19 13:00:00,228.0,181.15
2021-11-19 14:00:00,228.0,220.0
2021-11-19 15:00:00,239.9,235.41
2021-11-19 16:00:00,274.59,273.0
2021-11-19 17:00:00,297.88,295.76
2021-11-19 18:00:00,294.71,293.91
2021-11-19 19:00:00,289.63,292.62
2021-11-19 20:00:00,256.16,259.15
2021-11-19 21:00:00,231.04,228.55
2021-11-19 22:00:00,226.5,221.5
2021-11-19 23:00:00,200.14,176.33
2021-11-20 00:00:00,194.59,198.7
2021-11-20 01:00:00,194.2,198.2
2021-11-20 02:00:00,194.2,190.4
2021-11-20 03:00:00,140.47,142.47
2021-11-20 04:00:00,193.43,178.6
2021-11-20 05:00:00,196.85,178.6
2021-11-20 06:00:00,216.96,181.96
2021-11-20 07:00:00,195.83,194.68
2021-11-20 08:00:00,215.06,215.16
2021-11-20 09:00:00,220.08,212.75
2021-11-20 10:00:00,216.32,196.74
2021-11-20 11:00:00,208.64,196.12
2021-11-20 12:00:00,208.3,184.55
2021-11-20 13:00:00,208.05,177.61
2021-11-20 14:00:00,210.8,180.63
2021-11-20 15:00:00,219.04,202.0
2021-11-20 16:00:00,257.07,232.76
2021-11-20 17:00:00,289.02,270.89
2021-11-20 18:00:00,294.7,271.83
2021-11-20 19:00:00,298.4,279.0
2021-11-20 20:00:00,263.01,258.0
2021-11-20 21:00:00,249.19,248.83
2021-11-20 22:00:00,237.38,227.38
2021-11-20 23:00:00,211.78,187.5
2021-11-21 00:00:00,241.1,219.99
2021-11-21 01:00:00,194.39,181.39
2021-11-21 02:00:00,193.95,188.96
2021-11-21 03:00:00,194.44,182.0
2021-11-21 04:00:00,199.99,186.1
2021-11-21 05:00:00,211.69,210.69
2021-11-21 06:00:00,218.59,226.59
2021-11-21 07:00:00,213.73,205.96
2021-11-21 08:00:00,212.07,207.07
2021-11-21 09:00:00,220.74,220.74
2021-11-21 10:00:00,220.74,224.34
2021-11-21 11:00:00,221.63,242.63
2021-11-21 12:00:00,219.81,224.98
2021-11-21 13:00:00,213.39,208.39
2021-11-21 14:00:00,207.92,197.92
2021-11-21 15:00:00,221.84,219.87
2021-11-21 16:00:00,245.07,235.01
2021-11-21 17:00:00,277.65,265.0
2021-11-21 18:00:00,281.99,272.52
2021-11-21 19:00:00,279.07,260.9
2021-11-21 20:00:00,254.02,249.03
2021-11-21 21:00:00,237.25,232.26
2021-11-21 22:00:00,211.69,206.39
2021-11-21 23:00:00,203.54,202.54
2021-11-22 00:00:00,196.84,222.0
2021-11-22 01:00:00,192.87,192.87
2021-11-22 02:00:00,186.31,187.31
2021-11-22 03:00:00,175.11,177.65
2021-11-22 04:00:00,179.39,179.39
2021-11-22 05:00:00,202.7,182.38
2021-11-22 06:00:00,255.65,255.05
2021-11-22 07:00:00,286.93,280.65
2021-11-22 08:00:00,300.0,243.71
2021-11-22 09:00:00,296.23,236.65
2021-11-22 10:00:00,285.49,209.24
2021-11-22 11:00:00,280.02,220.04
2021-11-22 12:00:00,275.74,197.87
2021-11-22 13:00:00,276.43,192.88
2021-11-22 14:00:00,293.93,179.65
2021-11-22 15:00:00,297.4,181.39
2021-11-22 16:00:00,306.78,197.7
2021-11-22 17:00:00,318.87,265.65
2021-11-22 18:00:00,312.66,286.93
2021-11-22 19:00:00,312.5,310.0
2021-11-22 20:00:00,277.65,282.65
2021-11-22 21:00:00,240.72,245.72
2021-11-22 22:00:00,228.85,229.0
2021-11-22 23:00:00,209.24,206.25
2021-11-23 00:00:00,185.61,181.13
2021-11-23 01:00:00,183.34,180.89
2021-11-23 02:00:00,171.23,169.74
2021-11-23 03:00:00,185.0,181.41
2021-11-23 04:00:00,190.83,186.17
2021-11-23 05:00:00,203.8,195.96
2021-11-23 06:00:00,281.56,275.0
2021-11-23 07:00:00,310.65,311.1
2021-11-23 08:00:00,326.91,325.0
2021-11-23 09:00:00,314.86,316.0
2021-11-23 10:00:00,306.04,301.0
2021-11-23 11:00:00,299.0,299.0
2021-11-23 12:00:00,293.98,293.98
2021-11-23 13:00:00,285.96,285.0
2021-11-23 14:00:00,298.2,298.0
2021-11-23 15:00:00,306.78,305.78
2021-11-23 16:00:00,319.39,320.0
2021-11-23 17:00:00,348.21,354.2
2021-11-23 18:00:00,342.13,348.12
2021-11-23 19:00:00,330.03,334.0
2021-11-23 20:00:00,300.0,300.5
2021-11-23 21:00:00,265.14,269.32
2021-11-23 22:00:00,237.0,242.04
2021-11-23 23:00:00,210.06,198.05
2021-11-24 00:00:00,200.45,170.45
2021-11-24 01:00:00,200.4,170.4
2021-11-24 02:00:00,195.29,173.15
2021-11-24 03:00:00,172.29,167.3
2021-11-24 04:00:00,190.42,173.27
2021-11-24 05:00:00,209.06,208.06
2021-11-24 06:00:00,252.4,247.41
2021-11-24 07:00:00,330.0,331.5
2021-11-24 08:00:00,344.98,351.52
2021-11-24 09:00:00,330.02,328.95
2021-11-24 10:00:00,313.3,301.11
2021-11-24 11:00:00,300.0,277.98
2021-11-24 12:00:00,294.72,290.0
2021-11-24 13:00:00,300.0,300.0
2021-11-24 14:00:00,328.0,330.0
2021-11-24 15:00:00,342.18,347.68
2021-11-24 16:00:00,350.92,361.92
2021-11-24 17:00:00,385.0,400.0
2021-11-24 18:00:00,362.13,352.13
2021-11-24 19:00:00,345.02,314.36
2021-11-24 20:00:00,303.33,281.39
2021-11-24 21:00:00,262.67,261.17
2021-11-24 22:00:00,225.94,224.44
2021-11-24 23:00:00,206.12,200.88
2021-11-25 00:00:00,195.1,191.14
2021-11-25 01:00:00,191.72,188.67
2021-11-25 02:00:00,187.0,182.01
2021-11-25 03:00:00,187.0,182.01
2021-11-25 04:00:00,197.92,195.0
2021-11-25 05:00:00,220.01,217.41
2021-11-25 06:00:00,284.92,259.92
2021-11-25 07:00:00,330.0,319.67
2021-11-25 08:00:00,336.76,346.25
2021-11-25 09:00:00,330.0,246.0
2021-11-25 10:00:00,305.33,222.65
2021-11-25 11:00:00,297.61,220.0
2021-11-25 12:00:00,298.32,222.65
2021-11-25 13:00:00,309.52,274.52
2021-11-25 14:00:00,325.91,309.91
2021-11-25 15:00:00,356.26,352.08
2021-11-25 16:00:00,370.51,370.0
2021-11-25 17:00:00,361.4,356.87
2021-11-25 18:00:00,350.0,340.0
2021-11-25 19:00:00,330.04,317.71
2021-11-25 20:00:00,330.0,323.93
2021-11-25 21:00:00,285.37,280.38
2021-11-25 22:00:00,240.0,225.0
2021-11-25 23:00:00,225.0,190.61
2021-11-26 00:00:00,228.99,226.08
2021-11-26 01:00:00,222.26,249.74
2021-11-26 02:00:00,200.68,200.58
2021-11-26 03:00:00,193.54,192.73
2021-11-26 04:00:00,200.63,197.92
2021-11-26 05:00:00,201.9,200.5
2021-11-26 06:00:00,255.65,252.65
2021-11-26 07:00:00,299.94,287.94
2021-11-26 08:00:00,301.21,289.16
2021-11-26 09:00:00,297.93,286.01
2021-11-26 10:00:00,284.98,285.29
2021-11-26 11:00:00,272.38,272.0
2021-11-26 12:00:00,281.91,216.0
2021-11-26 13:00:00,247.57,200.8
2021-11-26 14:00:00,259.83,258.28
2021-11-26 15:00:00,277.87,249.94
2021-11-26 16:00:00,280.0,259.93
2021-11-26 17:00:00,283.22,258.22
2021-11-26 18:00:00,262.46,246.46
2021-11-26 19:00:00,262.46,230.97
2021-11-26 20:00:00,250.0,226.49
2021-11-26 21:00:00,223.21,204.18
2021-11-26 22:00:00,216.02,203.5
2021-11-26 23:00:00,200.7,206.3
2021-11-27 00:00:00,139.29,193.92
2021-11-27 01:00:00,200.63,187.73
2021-11-27 02:00:00,200.63,196.19
2021-11-27 03:00:00,193.82,203.99
2021-11-27 04:00:00,184.1,207.88
2021-11-27 05:00:00,193.06,214.0
2021-11-27 06:00:00,207.01,219.0
2021-11-27 07:00:00,209.98,220.18
2021-11-27 08:00:00,215.02,214.19
2021-11-27 09:00:00,220.07,219.0
2021-11-27 10:00:00,221.37,210.57
2021-11-27 11:00:00,216.35,208.9
2021-11-27 12:00:00,220.08,217.0
2021-11-27 13:00:00,216.02,229.04
2021-11-27 14:00:00,218.9,261.0
2021-11-27 15:00:00,225.0,269.0
2021-11-27 16:00:00,233.82,261.0
2021-11-27 17:00:00,270.8,138.29
2021-11-27 18:00:00,277.33,199.63
2021-11-27 19:00:00,264.08,200.73
2021-11-27 20:00:00,238.43,226.23
2021-11-27 21:00:00,219.47,217.87
2021-11-27 22:00:00,206.56,206.0
2021-11-27 23:00:00,199.21,194.22
2021-11-28 00:00:00,176.16,184.0
2021-11-28 01:00:00,188.82,185.99
2021-11-28 02:00:00,145.0,199.0
2021-11-28 03:00:00,181.2,209.0
2021-11-28 04:00:00,176.0,214.0
2021-11-28 05:00:00,174.5,210.07
2021-11-28 06:00:00,181.4,192.06
2021-11-28 07:00:00,184.77,195.77
2021-11-28 08:00:00,185.99,125.32
2021-11-28 09:00:00,199.99,177.16
2021-11-28 10:00:00,203.01,185.85
2021-11-28 11:00:00,209.76,146.89
2021-11-28 12:00:00,210.07,182.63
2021-11-28 13:00:00,198.28,171.0
2021-11-28 14:00:00,198.34,174.5
2021-11-28 15:00:00,205.11,170.0
2021-11-28 16:00:00,217.03,125.19
2021-11-28 17:00:00,245.13,176.17
2021-11-28 18:00:00,247.94,194.99
2021-11-28 19:00:00,238.61,163.56
2021-11-28 20:00:00,216.31,181.3
2021-11-28 21:00:00,193.0,172.1
2021-11-28 22:00:00,196.69,174.5
2021-11-28 23:00:00,125.09,181.36
2021-11-29 00:00:00,47.66,46.66
2021-11-29 01:00:00,192.53,173.97
2021-11-29 02:00:00,44.14,39.92
2021-11-29 03:00:00,37.38,36.01
2021-11-29 04:00:00,160.0,158.4
2021-11-29 05:00:00,197.97,205.97
2021-11-29 06:00:00,217.67,189.97
2021-11-29 07:00:00,250.0,198.29
2021-11-29 08:00:00,218.99,213.99
2021-11-29 09:00:00,216.33,216.33
2021-11-29 10:00:00,215.34,215.44
2021-11-29 11:00:00,218.19,179.91
2021-11-29 12:00:00,222.59,197.59
2021-11-29 13:00:00,217.91,196.78
2021-11-29 14:00:00,252.24,240.43
2021-11-29 15:00:00,264.98,239.98
2021-11-29 16:00:00,299.2,289.2
2021-11-29 17:00:00,334.12,324.12
2021-11-29 18:00:00,330.0,329.0
2021-11-29 19:00:00,323.74,307.74
2021-11-29 20:00:00,276.53,264.61
2021-11-29 21:00:00,242.66,218.0
2021-11-29 22:00:00,219.86,190.12
2021-11-29 23:00:00,217.07,200.0
2021-11-30 00:00:00,125.59,120.59
2021-11-30 01:00:00,118.61,113.62
2021-11-30 02:00:00,118.61,113.61
2021-11-30 03:00:00,113.0,112.0
2021-11-30 04:00:00,118.61,113.62
2021-11-30 05:00:00,175.66,170.67
2021-11-30 06:00:00,245.0,240.0
2021-11-30 07:00:00,220.07,214.67
2021-11-30 08:00:00,248.54,240.88
2021-11-30 09:00:00,227.69,221.62
2021-11-30 10:00:00,199.55,179.21
2021-11-30 11:00:00,199.55,195.4
2021-11-30 12:00:00,219.54,216.9
2021-11-30 13:00:00,221.78,210.3
2021-11-30 14:00:00,250.72,244.66
2021-11-30 15:00:00,291.71,286.7
2021-11-30 16:00:00,302.07,294.07
2021-11-30 17:00:00,317.36,307.62
2021-11-30 18:00:00,305.72,293.82
2021-11-30 19:00:00,302.72,294.58
2021-11-30 20:00:00,275.44,270.44
2021-11-30 21:00:00,241.39,221.3
2021-11-30 22:00:00,233.69,220.7
2021-11-30 23:00:00,223.99,201.87
2021-12-01 00:00:00,184.82,185.0
2021-12-01 01:00:00,187.0,186.0
2021-12-01 02:00:00,185.42,185.0
2021-12-01 03:00:00,184.82,185.0
2021-12-01 04:00:00,187.38,187.0
2021-12-01 05:00:00,214.5,216.0
2021-12-01 06:00:00,245.0,242.0
2021-12-01 07:00:00,252.19,249.0
2021-12-01 08:00:00,248.87,248.0
2021-12-01 09:00:00,222.03,222.0
2021-12-01 10:00:00,194.97,200.97
2021-12-01 11:00:00,184.82,180.0
2021-12-01 12:00:00,188.0,157.99
2021-12-01 13:00:00,198.66,198.55
2021-12-01 14:00:00,268.49,262.41
2021-12-01 15:00:00,284.41,278.41
2021-12-01 16:00:00,319.69,304.69
2021-12-01 17:00:00,333.71,323.0
2021-12-01 18:00:00,334.03,331.03
2021-12-01 19:00:00,328.96,322.0
2021-12-01 20:00:00,294.78,291.0
2021-12-01 21:00:00,238.12,235.0
2021-12-01 22:00:00,210.07,210.0
2021-12-01 23:00:00,187.0,178.59
2021-12-02 00:00:00,210.0,203.0
2021-12-02 01:00:00,193.12,187.36
2021-12-02 02:00:00,192.54,179.89
2021-12-02 03:00:00,192.54,182.38
2021-12-02 04:00:00,192.61,186.67
2021-12-02 05:00:00,210.73,204.63
2021-12-02 06:00:00,247.9,247.43
2021-12-02 07:00:00,296.92,298.72
2021-12-02 08:00:00,320.0,300.0
2021-12-02 09:00:00,304.9,287.9
2021-12-02 10:00:00,282.76,252.76
2021-12-02 11:00:00,276.42,254.14
2021-12-02 12:00:00,270.33,265.34
2021-12-02 13:00:00,280.06,270.06
2021-12-02 14:00:00,292.14,287.15
2021-12-02 15:00:00,304.96,294.96
2021-12-02 16:00:00,327.82,327.8
2021-12-02 17:00:00,354.07,366.0
2021-12-02 18:00:00,333.19,324.0
2021-12-02 19:00:00,300.36,307.06
2021-12-02 20:00:00,273.15,268.16
2021-12-02 21:00:00,235.75,205.75
2021-12-02 22:00:00,222.0,217.37
2021-12-02 23:00:00,192.54,183.93
2021-12-03 00:00:00,151.58,147.46
2021-12-03 01:00:00,183.5,180.02
2021-12-03 02:00:00,118.09,113.1
2021-12-03 03:00:00,113.0,107.53
2021-12-03 04:00:00,118.61,113.61
2021-12-03 05:00:00,167.93,162.93
2021-12-03 06:00:00,262.68,250.44
2021-12-03 07:00:00,289.26,284.26
2021-12-03 08:00:00,291.49,282.0
2021-12-03 09:00:00,264.19,254.31
2021-12-03 10:00:00,247.63,237.0
2021-12-03 11:00:00,244.93,235.0
2021-12-03 12:00:00,244.97,221.39
2021-12-03 13:00:00,254.78,237.77
2021-12-03 14:00:00,272.62,253.92
2021-12-03 15:00:00,281.56,270.0
2021-12-03 16:00:00,294.97,287.97
2021-12-03 17:00:00,295.99,290.99
2021-12-03 18:00:00,292.94,284.98
2021-12-03 19:00:00,255.13,235.42
2021-12-03 20:00:00,209.42,198.42
2021-12-03 21:00:00,197.4,192.4
2021-12-03 22:00:00,197.3,190.3
2021-12-03 23:00:00,196.0,180.85
2021-12-04 00:00:00,129.23,135.41
2021-12-04 01:00:00,129.23,133.23
2021-12-04 02:00:00,142.04,144.04
2021-12-04 03:00:00,184.49,190.09
2021-12-04 04:00:00,185.01,172.88
2021-12-04 05:00:00,192.1,192.0
2021-12-04 06:00:00,192.47,184.14
2021-12-04 07:00:00,205.0,175.0
2021-12-04 08:00:00,222.79,200.73
2021-12-04 09:00:00,235.01,218.01
2021-12-04 10:00:00,231.23,241.05
2021-12-04 11:00:00,224.0,224.0
2021-12-04 12:00:00,224.93,240.93
2021-12-04 13:00:00,222.0,222.0
2021-12-04 14:00:00,218.73,215.73
2021-12-04 15:00:00,213.0,204.99
2021-12-04 16:00:00,266.08,244.32
2021-12-04 17:00:00,284.15,254.15
2021-12-04 18:00:00,281.72,251.72
2021-12-04 19:00:00,274.03,244.03
2021-12-04 20:00:00,241.93,231.93
2021-12-04 21:00:00,227.22,221.9
2021-12-04 22:00:00,219.45,214.45
2021-12-04 23:00:00,210.0,200.0
2021-12-05 00:00:00,200.75,205.75
2021-12-05 01:00:00,204.61,209.99
2021-12-05 02:00:00,197.94,201.83
2021-12-05 03:00:00,163.97,172.0
2021-12-05 04:00:00,159.46,177.0
2021-12-05 05:00:00,159.58,174.12
2021-12-05 06:00:00,186.08,189.21
2021-12-05 07:00:00,195.0,186.2
2021-12-05 08:00:00,199.84,181.89
2021-12-05 09:00:00,206.09,206.0
2021-12-05 10:00:00,209.28,207.28
2021-12-05 11:00:00,210.0,208.0
2021-12-05 12:00:00,200.06,198.06
2021-12-05 13:00:00,195.0,190.0
2021-12-05 14:00:00,201.02,190.0
2021-12-05 15:00:00,210.49,197.93
2021-12-05 16:00:00,229.07,219.67
2021-12-05 17:00:00,256.91,258.91
2021-12-05 18:00:00,260.0,260.0
2021-12-05 19:00:00,254.87,253.87
2021-12-05 20:00:00,208.64,206.88
2021-12-05 21:00:00,195.38,193.87
2021-12-05 22:00:00,196.13,196.0
2021-12-05 23:00:00,130.29,130.29
2021-12-06 00:00:00,113.0,114.0
2021-12-06 01:00:00,107.3,111.33
2021-12-06 02:00:00,53.47,58.47
2021-12-06 03:00:00,63.02,68.01
2021-12-06 04:00:00,113.0,118.0
2021-12-06 05:00:00,181.95,178.06
2021-12-06 06:00:00,264.31,201.07
2021-12-06 07:00:00,310.59,204.76
2021-12-06 08:00:00,328.55,227.0
2021-12-06 09:00:00,320.21,271.86
2021-12-06 10:00:00,260.2,258.2
2021-12-06 11:00:00,225.67,223.67
2021-12-06 12:00:00,236.37,208.0
2021-12-06 13:00:00,215.59,201.16
2021-12-06 14:00:00,235.0,200.0
2021-12-06 15:00:00,252.0,207.06
2021-12-06 16:00:00,273.69,190.74
2021-12-06 17:00:00,299.96,108.3
2021-12-06 18:00:00,273.69,54.47
2021-12-06 19:00:00,265.78,61.52
2021-12-06 20:00:00,214.91,108.01
2021-12-06 21:00:00,199.0,176.96
2021-12-06 22:00:00,204.06,204.06
2021-12-06 23:00:00,177.0,114.0
2021-12-07 00:00:00,107.3,10.0
2021-12-07 01:00:00,107.3,10.0
2021-12-07 02:00:00,80.83,10.0
2021-12-07 03:00:00,107.3,10.0
2021-12-07 04:00:00,117.28,10.0
2021-12-07 05:00:00,193.21,10.0
2021-12-07 06:00:00,228.72,10.0
2021-12-07 07:00:00,272.52,255.81
2021-12-07 08:00:00,280.84,275.84
2021-12-07 09:00:00,255.91,175.91
2021-12-07 10:00:00,214.86,165.0
2021-12-07 11:00:00,208.89,165.0
2021-12-07 12:00:00,208.58,165.0
2021-12-07 13:00:00,210.38,165.0
2021-12-07 14:00:00,270.9,169.0
2021-12-07 15:00:00,292.62,169.0
2021-12-07 16:00:00,304.6,179.98
2021-12-07 17:00:00,298.68,192.52
2021-12-07 18:00:00,292.0,220.6
2021-12-07 19:00:00,285.93,238.93
2021-12-07 20:00:00,245.46,210.92
2021-12-07 21:00:00,222.58,170.0
2021-12-07 22:00:00,210.0,166.0
2021-12-07 23:00:00,197.57,182.4
2021-12-08 00:00:00,195.52,179.53
2021-12-08 01:00:00,191.9,180.3
2021-12-08 02:00:00,191.0,191.4
2021-12-08 03:00:00,166.22,161.22
2021-12-08 04:00:00,184.2,187.0
2021-12-08 05:00:00,195.95,194.69
2021-12-08 06:00:00,224.77,227.49
2021-12-08 07:00:00,240.7,225.7
2021-12-08 08:00:00,270.0,254.01
2021-12-08 09:00:00,258.4,256.92
2021-12-08 10:00:00,227.35,227.0
2021-12-08 11:00:00,230.47,230.0
2021-12-08 12:00:00,232.38,204.64
2021-12-08 13:00:00,233.49,223.21
2021-12-08 14:00:00,248.57,224.03
2021-12-08 15:00:00,255.0,243.89
2021-12-08 16:00:00,280.0,200.0
2021-12-08 17:00:00,292.0,193.52
2021-12-08 18:00:00,289.55,190.49
2021-12-08 19:00:00,284.3,191.0
2021-12-08 20:00:00,246.35,167.22
2021-12-08 21:00:00,234.03,184.2
2021-12-08 22:00:00,227.92,195.95
2021-12-08 23:00:00,200.2,200.33
2021-12-09 00:00:00,204.03,196.62
2021-12-09 01:00:00,194.74,188.7
2021-12-09 02:00:00,170.51,165.51
2021-12-09 03:00:00,181.07,176.08
2021-12-09 04:00:00,193.0,171.96
2021-12-09 05:00:00,204.19,189.95
2021-12-09 06:00:00,251.0,235.0
2021-12-09 07:00:00,288.57,287.57
2021-12-09 08:00:00,306.0,316.0
2021-12-09 09:00:00,305.69,311.75
2021-12-09 10:00:00,253.57,229.28
2021-12-09 11:00:00,196.0,186.81
2021-12-09 12:00:00,195.05,175.91
2021-12-09 13:00:00,199.05,191.05
2021-12-09 14:00:00,248.97,225.06
2021-12-09 15:00:00,270.92,270.81
2021-12-09 16:00:00,288.69,291.6
2021-12-09 17:00:00,318.96,328.0
2021-12-09 18:00:00,300.0,299.89
2021-12-09 19:00:00,268.8,263.99
2021-12-09 20:00:00,196.0,194.69
2021-12-09 21:00:00,191.8,191.8
2021-12-09 22:00:00,134.21,134.1
2021-12-09 23:00:00,134.2,132.2
2021-12-10 00:00:00,191.5,185.24
2021-12-10 01:00:00,191.5,196.5
2021-12-10 02:00:00,191.5,196.5
2021-12-10 03:00:00,186.09,191.09
2021-12-10 04:00:00,120.72,156.0
2021-12-10 05:00:00,186.13,191.96
2021-12-10 06:00:00,237.99,176.65
2021-12-10 07:00:00,272.45,196.38
2021-12-10 08:00:00,299.5,199.84
2021-12-10 09:00:00,272.23,227.95
2021-12-10 10:00:00,255.91,218.74
2021-12-10 11:00:00,197.7,182.34
2021-12-10 12:00:00,197.78,184.45
2021-12-10 13:00:00,200.39,196.21
2021-12-10 14:00:00,242.85,210.0
2021-12-10 15:00:00,254.61,206.43
2021-12-10 16:00:00,274.76,208.07
2021-12-10 17:00:00,317.99,232.0
2021-12-10 18:00:00,297.35,209.0
2021-12-10 19:00:00,265.41,190.88
2021-12-10 20:00:00,254.57,191.5
2021-12-10 21:00:00,212.17,183.8
2021-12-10 22:00:00,233.38,184.07
2021-12-10 23:00:00,209.48,120.82
2021-12-11 00:00:00,215.0,215.0
2021-12-11 01:00:00,191.95,213.0
2021-12-11 02:00:00,164.6,170.67
2021-12-11 03:00:00,116.59,116.6
2021-12-11 04:00:00,122.08,122.09
2021-12-11 05:00:00,140.3,157.37
2021-12-11 06:00:00,191.95,214.0
2021-12-11 07:00:00,243.9,224.9
2021-12-11 08:00:00,272.32,283.32
2021-12-11 09:00:00,284.32,305.32
2021-12-11 10:00:00,284.32,301.95
2021-12-11 11:00:00,279.83,310.42
2021-12-11 12:00:00,274.3,282.3
2021-12-11 13:00:00,250.57,262.57
2021-12-11 14:00:00,241.09,241.09
2021-12-11 15:00:00,247.07,247.12
2021-12-11 16:00:00,263.73,280.0
2021-12-11 17:00:00,281.59,285.09
2021-12-11 18:00:00,280.93,282.73
2021-12-11 19:00:00,259.47,253.15
2021-12-11 20:00:00,254.09,260.3
2021-12-11 21:00:00,243.29,242.4
2021-12-11 22:00:00,230.84,230.73
2021-12-11 23:00:00,210.38,210.48
2021-12-12 00:00:00,191.44,159.11
2021-12-12 01:00:00,95.53,50.53
2021-12-12 02:00:00,56.27,55.0
2021-12-12 03:00:00,33.13,32.0
2021-12-12 04:00:00,36.95,49.95
2021-12-12 05:00:00,43.08,56.08
2021-12-12 06:00:00,57.28,55.28
2021-12-12 07:00:00,192.13,192.02
2021-12-12 08:00:00,241.76,241.0
2021-12-12 09:00:00,191.44,181.0
2021-12-12 10:00:00,191.44,181.0
2021-12-12 11:00:00,191.43,171.0
2021-12-12 12:00:00,191.43,191.43
2021-12-12 13:00:00,191.44,181.0
2021-12-12 14:00:00,218.02,207.0
2021-12-12 15:00:00,235.0,223.0
2021-12-12 16:00:00,253.33,253.33
2021-12-12 17:00:00,282.0,279.52
2021-12-12 18:00:00,291.26,291.16
2021-12-12 19:00:00,287.51,284.6
2021-12-12 20:00:00,273.7,273.59
2021-12-12 21:00:00,240.76,237.16
2021-12-12 22:00:00,243.4,242.41
2021-12-12 23:00:00,236.01,233.6
2021-12-13 00:00:00,161.43,148.44
2021-12-13 01:00:00,193.38,183.0
2021-12-13 02:00:00,123.33,117.0
2021-12-13 03:00:00,115.18,111.37
2021-12-13 04:00:00,138.53,137.53
2021-12-13 05:00:00,210.09,205.1
2021-12-13 06:00:00,269.2,252.31
2021-12-13 07:00:00,319.24,310.9
2021-12-13 08:00:00,341.92,328.0
2021-12-13 09:00:00,339.95,326.0
2021-12-13 10:00:00,300.0,299.9
2021-12-13 11:00:00,269.99,259.0
2021-12-13 12:00:00,305.99,292.16
2021-12-13 13:00:00,283.44,272.0
2021-12-13 14:00:00,322.11,309.0
2021-12-13 15:00:00,325.75,312.0
2021-12-13 16:00:00,332.06,318.0
2021-12-13 17:00:00,327.69,330.69
2021-12-13 18:00:00,298.07,295.07
2021-12-13 19:00:00,298.07,289.0
2021-12-13 20:00:00,263.01,239.49
2021-12-13 21:00:00,197.76,197.76
2021-12-13 22:00:00,188.03,188.03
2021-12-13 23:00:00,188.03,168.47
2021-12-14 00:00:00,113.0,110.54
2021-12-14 01:00:00,113.0,109.15
2021-12-14 02:00:00,62.44,57.45
2021-12-14 03:00:00,60.09,56.23
2021-12-14 04:00:00,117.4,114.09
2021-12-14 05:00:00,150.47,149.47
2021-12-14 06:00:00,259.9,242.07
2021-12-14 07:00:00,299.0,298.9
2021-12-14 08:00:00,274.0,280.0
2021-12-14 09:00:00,250.0,250.0
2021-12-14 10:00:00,213.79,215.79
2021-12-14 11:00:00,209.63,199.5
2021-12-14 12:00:00,196.29,199.5
2021-12-14 13:00:00,196.33,199.33
2021-12-14 14:00:00,214.77,238.47
2021-12-14 15:00:00,259.6,259.6
2021-12-14 16:00:00,294.22,312.62
2021-12-14 17:00:00,299.0,314.33
2021-12-14 18:00:00,298.07,297.96
2021-12-14 19:00:00,288.0,285.76
2021-12-14 20:00:00,202.62,200.47
2021-12-14 21:00:00,150.45,146.25
2021-12-14 22:00:00,139.23,137.56
2021-12-14 23:00:00,72.54,70.83
2021-12-15 00:00:00,125.13,123.11
2021-12-15 01:00:00,164.49,163.89
2021-12-15 02:00:00,72.54,71.54
2021-12-15 03:00:00,62.44,61.44
2021-12-15 04:00:00,125.12,124.12
2021-12-15 05:00:00,194.1,193.15
2021-12-15 06:00:00,290.0,289.97
2021-12-15 07:00:00,236.53,236.53
2021-12-15 08:00:00,244.69,246.17
2021-12-15 09:00:00,195.92,197.79
2021-12-15 10:00:00,195.0,194.42
2021-12-15 11:00:00,195.0,195.0
2021-12-15 12:00:00,196.0,192.06
2021-12-15 13:00:00,202.6,202.71
2021-12-15 14:00:00,252.43,252.43
2021-12-15 15:00:00,326.59,329.59
2021-12-15 16:00:00,351.0,352.0
2021-12-15 17:00:00,369.4,368.4
2021-12-15 18:00:00,316.46,315.46
2021-12-15 19:00:00,303.09,301.13
2021-12-15 20:00:00,277.43,276.43
2021-12-15 21:00:00,199.85,198.85
2021-12-15 22:00:00,200.16,200.16
2021-12-15 23:00:00,250.0,248.0
2021-12-16 00:00:00,291.04,287.0
2021-12-16 01:00:00,279.5,280.0
2021-12-16 02:00:00,194.54,192.0
2021-12-16 03:00:00,194.54,192.0
2021-12-16 04:00:00,214.71,212.0
2021-12-16 05:00:00,266.49,258.49
2021-12-16 06:00:00,321.4,305.4
2021-12-16 07:00:00,390.0,391.0
2021-12-16 08:00:00,400.0,399.9
2021-12-16 09:00:00,389.92,387.0
2021-12-16 10:00:00,335.8,301.85
2021-12-16 11:00:00,319.69,279.35
2021-12-16 12:00:00,305.68,279.43
2021-12-16 13:00:00,305.68,225.68
2021-12-16 14:00:00,355.17,355.17
2021-12-16 15:00:00,399.72,399.97
2021-12-16 16:00:00,416.23,386.43
2021-12-16 17:00:00,425.0,410.0
2021-12-16 18:00:00,417.25,398.0
2021-12-16 19:00:00,404.57,404.47
2021-12-16 20:00:00,366.13,352.0
2021-12-16 21:00:00,320.0,294.67
2021-12-16 22:00:00,290.55,260.03
2021-12-16 23:00:00,279.37,279.36
2021-12-17 00:00:00,289.26,274.26
2021-12-17 01:00:00,276.46,264.0
2021-12-17 02:00:00,266.64,250.64
2021-12-17 03:00:00,255.23,237.36
2021-12-17 04:00:00,250.0,232.0
2021-12-17 05:00:00,270.09,262.09
2021-12-17 06:00:00,303.81,283.81
2021-12-17 07:00:00,389.97,384.98
2021-12-17 08:00:00,385.45,356.34
2021-12-17 09:00:00,350.0,262.0
2021-12-17 10:00:00,303.0,255.54
2021-12-17 11:00:00,280.1,255.0
2021-12-17 12:00:00,279.22,247.49
2021-12-17 13:00:00,313.28,290.97
2021-12-17 14:00:00,361.51,351.81
2021-12-17 15:00:00,392.1,372.0
2021-12-17 16:00:00,415.57,396.33
2021-12-17 17:00:00,439.9,434.19
2021-12-17 18:00:00,421.7,421.6
2021-12-17 19:00:00,404.16,396.0
2021-12-17 20:00:00,351.69,351.69
2021-12-17 21:00:00,306.78,306.78
2021-12-17 22:00:00,285.69,285.59
2021-12-17 23:00:00,254.99,252.44
2021-12-18 00:00:00,217.11,214.94
2021-12-18 01:00:00,193.48,190.48
2021-12-18 02:00:00,190.0,182.95
2021-12-18 03:00:00,173.94,170.94
2021-12-18 04:00:00,163.0,161.37
2021-12-18 05:00:00,164.49,164.59
2021-12-18 06:00:00,141.65,141.75
2021-12-18 07:00:00,141.68,141.78
2021-12-18 08:00:00,164.49,166.68
2021-12-18 09:00:00,141.63,143.39
2021-12-18 10:00:00,188.21,155.76
2021-12-18 11:00:00,170.36,130.03
2021-12-18 12:00:00,171.91,136.91
2021-12-18 13:00:00,164.49,155.76
2021-12-18 14:00:00,205.32,155.76
2021-12-18 15:00:00,236.71,213.9
2021-12-18 16:00:00,287.04,281.33
2021-12-18 17:00:00,282.2,277.23
2021-12-18 18:00:00,277.05,270.78
2021-12-18 19:00:00,256.23,253.14
2021-12-18 20:00:00,211.72,201.33
2021-12-18 21:00:00,195.0,193.89
2021-12-18 22:00:00,202.81,201.81
2021-12-18 23:00:00,211.0,206.0
2021-12-19 00:00:00,190.0,193.0
2021-12-19 01:00:00,193.74,196.74
2021-12-19 02:00:00,190.0,193.03
2021-12-19 03:00:00,118.97,139.08
2021-12-19 04:00:00,113.0,136.45
2021-12-19 05:00:00,104.08,124.08
2021-12-19 06:00:00,142.18,165.72
2021-12-19 07:00:00,228.87,250.35
2021-12-19 08:00:00,202.87,205.87
2021-12-19 09:00:00,190.0,191.85
2021-12-19 10:00:00,255.65,269.48
2021-12-19 11:00:00,258.69,275.05
2021-12-19 12:00:00,204.28,203.36
2021-12-19 13:00:00,195.0,194.0
2021-12-19 14:00:00,249.52,247.72
2021-12-19 15:00:00,265.08,264.08
2021-12-19 16:00:00,307.13,306.13
2021-12-19 17:00:00,313.98,312.98
2021-12-19 18:00:00,273.78,272.78
2021-12-19 19:00:00,272.04,271.04
2021-12-19 20:00:00,265.77,263.74
2021-12-19 21:00:00,270.36,268.62
2021-12-19 22:00:00,206.31,205.31
2021-12-19 23:00:00,191.86,190.86
2021-12-20 00:00:00,230.19,228.19
2021-12-20 01:00:00,218.02,213.02
2021-12-20 02:00:00,195.96,191.89
2021-12-20 03:00:00,193.2,189.34
2021-12-20 04:00:00,195.96,194.96
2021-12-20 05:00:00,218.02,216.87
2021-12-20 06:00:00,311.99,278.96
2021-12-20 07:00:00,385.24,396.52
2021-12-20 08:00:00,342.83,359.6
2021-12-20 09:00:00,327.19,357.08
2021-12-20 10:00:00,309.0,305.5
2021-12-20 11:00:00,309.0,304.0
2021-12-20 12:00:00,309.0,303.88
2021-12-20 13:00:00,308.14,300.14
2021-12-20 14:00:00,325.66,344.73
2021-12-20 15:00:00,412.54,398.94
2021-12-20 16:00:00,426.0,443.0
2021-12-20 17:00:00,450.1,450.0
2021-12-20 18:00:00,450.0,450.0
2021-12-20 19:00:00,430.56,439.0
2021-12-20 20:00:00,388.45,421.0
2021-12-20 21:00:00,335.9,336.2
2021-12-20 22:00:00,303.08,290.0
2021-12-20 23:00:00,216.21,198.21
2021-12-21 00:00:00,205.71,202.88
2021-12-21 01:00:00,201.21,198.21
2021-12-21 02:00:00,195.63,192.63
2021-12-21 03:00:00,191.69,188.69
2021-12-21 04:00:00,195.99,195.0
2021-12-21 05:00:00,224.64,222.61
2021-12-21 06:00:00,365.59,369.0
2021-12-21 07:00:00,411.47,412.09
2021-12-21 08:00:00,398.33,358.33
2021-12-21 09:00:00,340.0,310.04
2021-12-21 10:00:00,267.93,263.0
2021-12-21 11:00:00,260.44,256.0
2021-12-21 12:00:00,281.21,271.21
2021-12-21 13:00:00,315.09,299.3
2021-12-21 14:00:00,395.01,389.01
2021-12-21 15:00:00,462.44,467.0
2021-12-21 16:00:00,478.2,485.0
2021-12-21 17:00:00,502.72,507.0
2021-12-21 18:00:00,508.44,511.94
2021-12-21 19:00:00,497.53,507.85
2021-12-21 20:00:00,457.69,470.0
2021-12-21 21:00:00,401.32,401.22
2021-12-21 22:00:00,358.19,361.79
2021-12-21 23:00:00,300.0,297.0
2021-12-22 00:00:00,324.6,324.7
2021-12-22 01:00:00,339.92,332.85
2021-12-22 02:00:00,323.31,339.66
2021-12-22 03:00:00,296.55,320.08
2021-12-22 04:00:00,322.0,333.9
2021-12-22 05:00:00,353.49,352.21
2021-12-22 06:00:00,420.03,420.0
2021-12-22 07:00:00,485.78,483.78
2021-12-22 08:00:00,517.55,542.55
2021-12-22 09:00:00,435.91,462.67
2021-12-22 10:00:00,394.58,397.98
2021-12-22 11:00:00,394.58,394.08
2021-12-22 12:00:00,394.58,394.08
2021-12-22 13:00:00,400.54,400.44
2021-12-22 14:00:00,471.13,461.0
2021-12-22 15:00:00,498.39,498.29
2021-12-22 16:00:00,516.04,541.04
2021-12-22 17:00:00,542.5,542.5
2021-12-22 18:00:00,541.55,538.0
2021-12-22 19:00:00,521.03,525.03
2021-12-22 20:00:00,445.9,435.91
2021-12-22 21:00:00,392.76,380.0
2021-12-22 22:00:00,347.69,352.5
2021-12-22 23:00:00,302.26,282.32
2021-12-23 00:00:00,306.14,301.15
2021-12-23 01:00:00,276.87,271.87
2021-12-23 02:00:00,253.44,248.45
2021-12-23 03:00:00,236.43,231.44
2021-12-23 04:00:00,242.47,237.47
2021-12-23 05:00:00,335.13,334.13
2021-12-23 06:00:00,391.62,385.88
2021-12-23 07:00:00,446.71,443.44
2021-12-23 08:00:00,463.75,458.08
2021-12-23 09:00:00,429.94,424.95
2021-12-23 10:00:00,341.88,321.24
2021-12-23 11:00:00,341.25,317.0
2021-12-23 12:00:00,332.34,317.0
2021-12-23 13:00:00,341.03,317.0
2021-12-23 14:00:00,413.0,413.0
2021-12-23 15:00:00,432.04,430.93
2021-12-23 16:00:00,461.1,455.32
2021-12-23 17:00:00,449.01,428.53
2021-12-23 18:00:00,459.02,443.11
2021-12-23 19:00:00,421.21,397.14
2021-12-23 20:00:00,310.05,285.08
2021-12-23 21:00:00,236.43,213.87
2021-12-23 22:00:00,212.35,181.35
2021-12-23 23:00:00,226.68,195.06
2021-12-24 00:00:00,196.73,190.86
2021-12-24 01:00:00,201.15,196.15
2021-12-24 02:00:00,196.73,183.74
2021-12-24 03:00:00,195.0,175.27
2021-12-24 04:00:00,195.0,175.44
2021-12-24 05:00:00,196.73,191.74
2021-12-24 06:00:00,196.73,191.73
2021-12-24 07:00:00,201.15,183.21
2021-12-24 08:00:00,215.1,202.1
2021-12-24 09:00:00,196.73,177.0
2021-12-24 10:00:00,192.8,172.8
2021-12-24 11:00:00,190.53,166.94
2021-12-24 12:00:00,190.53,158.58
2021-12-24 13:00:00,183.81,183.7
2021-12-24 14:00:00,196.73,192.58
2021-12-24 15:00:00,227.39,217.44
2021-12-24 16:00:00,280.01,267.01
2021-12-24 17:00:00,296.63,290.63
2021-12-24 18:00:00,270.05,265.06
2021-12-24 19:00:00,246.64,238.89
2021-12-24 20:00:00,217.02,204.03
2021-12-24 21:00:00,195.85,190.08
2021-12-24 22:00:00,195.0,175.77
2021-12-24 23:00:00,252.34,212.34
2021-12-25 00:00:00,245.12,217.13
2021-12-25 01:00:00,236.33,231.33
2021-12-25 02:00:00,196.29,152.67
2021-12-25 03:00:00,162.22,150.4
2021-12-25 04:00:00,153.86,137.5
2021-12-25 05:00:00,156.34,137.81
2021-12-25 06:00:00,170.0,140.53
2021-12-25 07:00:00,180.3,136.3
2021-12-25 08:00:00,196.11,125.0
2021-12-25 09:00:00,217.13,197.13
2021-12-25 10:00:00,226.63,206.63
2021-12-25 11:00:00,245.04,237.4
2021-12-25 12:00:00,214.04,204.16
2021-12-25 13:00:00,184.34,173.62
2021-12-25 14:00:00,195.0,190.01
2021-12-25 15:00:00,226.0,194.71
2021-12-25 16:00:00,190.3,185.3
2021-12-25 17:00:00,244.81,217.0
2021-12-25 18:00:00,255.0,235.0
2021-12-25 19:00:00,266.6,251.0
2021-12-25 20:00:00,233.87,203.59
2021-12-25 21:00:00,204.02,176.28
2021-12-25 22:00:00,195.0,170.83
2021-12-25 23:00:00,204.04,187.9
2021-12-26 00:00:00,186.41,184.66
2021-12-26 01:00:00,162.76,162.76
2021-12-26 02:00:00,162.39,182.4
2021-12-26 03:00:00,154.45,183.78
2021-12-26 04:00:00,125.86,120.87
2021-12-26 05:00:00,153.39,153.39
2021-12-26 06:00:00,132.24,131.95
2021-12-26 07:00:00,186.41,172.08
2021-12-26 08:00:00,186.41,150.9
2021-12-26 09:00:00,193.69,179.26
2021-12-26 10:00:00,214.65,186.92
2021-12-26 11:00:00,240.62,200.37
2021-12-26 12:00:00,200.41,178.53
2021-12-26 13:00:00,193.73,165.61
2021-12-26 14:00:00,193.3,166.12
2021-12-26 15:00:00,193.39,153.39
2021-12-26 16:00:00,195.65,155.65
2021-12-26 17:00:00,225.72,184.2
2021-12-26 18:00:00,224.61,184.2
2021-12-26 19:00:00,242.86,184.2
2021-12-26 20:00:00,200.57,160.57
2021-12-26 21:00:00,192.38,152.38
2021-12-26 22:00:00,215.58,175.58
2021-12-26 23:00:00,209.87,186.87
2021-12-27 00:00:00,112.17,79.24
2021-12-27 01:00:00,122.09,89.72
2021-12-27 02:00:00,81.36,53.56
2021-12-27 03:00:00,72.54,46.59
2021-12-27 04:00:00,72.54,46.46
2021-12-27 05:00:00,97.53,97.54
2021-12-27 06:00:00,211.02,188.93
2021-12-27 07:00:00,263.19,235.0
2021-12-27 08:00:00,200.0,187.01
2021-12-27 09:00:00,199.97,181.68
2021-12-27 10:00:00,204.98,179.91
2021-12-27 11:00:00,200.12,175.96
2021-12-27 12:00:00,194.67,155.98
2021-12-27 13:00:00,188.43,148.43
2021-12-27 14:00:00,188.43,148.43
2021-12-27 15:00:00,188.43,148.43
2021-12-27 16:00:00,193.18,153.18
2021-12-27 17:00:00,205.0,165.0
2021-12-27 18:00:00,207.1,167.1
2021-12-27 19:00:00,200.0,160.0
2021-12-27 20:00:00,188.43,148.43
2021-12-27 21:00:00,157.08,122.15
2021-12-27 22:00:00,188.27,149.54
2021-12-27 23:00:00,189.06,155.0
2021-12-28 00:00:00,109.11,109.21
2021-12-28 01:00:00,109.11,110.93
2021-12-28 02:00:00,74.52,74.62
2021-12-28 03:00:00,71.52,80.44
2021-12-28 04:00:00,86.26,95.81
2021-12-28 05:00:00,153.39,184.0
2021-12-28 06:00:00,190.59,203.42
2021-12-28 07:00:00,198.05,187.05
2021-12-28 08:00:00,204.82,192.52
2021-12-28 09:00:00,193.3,179.35
2021-12-28 10:00:00,211.72,204.2
2021-12-28 11:00:00,202.64,198.0
2021-12-28 12:00:00,210.3,210.2
2021-12-28 13:00:00,209.55,209.45
2021-12-28 14:00:00,212.75,212.75
2021-12-28 15:00:00,222.27,224.5
2021-12-28 16:00:00,235.39,265.39
2021-12-28 17:00:00,238.47,258.47
2021-12-28 18:00:00,237.79,258.79
2021-12-28 19:00:00,225.0,227.3
2021-12-28 20:00:00,211.99,218.24
2021-12-28 21:00:00,194.26,193.26
2021-12-28 22:00:00,186.42,186.52
2021-12-28 23:00:00,190.0,190.0
2021-12-29 00:00:00,189.4,169.4
2021-12-29 01:00:00,160.25,134.25
2021-12-29 02:00:00,153.39,133.39
2021-12-29 03:00:00,149.74,134.19
2021-12-29 04:00:00,156.13,126.0
2021-12-29 05:00:00,160.25,120.0
2021-12-29 06:00:00,206.83,160.45
2021-12-29 07:00:00,190.0,190.0
2021-12-29 08:00:00,217.56,215.47
2021-12-29 09:00:00,207.29,207.18
2021-12-29 10:00:00,207.21,204.61
2021-12-29 11:00:00,209.6,199.6
2021-12-29 12:00:00,206.9,189.88
2021-12-29 13:00:00,205.62,189.91
2021-12-29 14:00:00,208.83,186.09
2021-12-29 15:00:00,213.9,190.71
2021-12-29 16:00:00,217.56,215.0
2021-12-29 17:00:00,245.53,244.53
2021-12-29 18:00:00,217.56,213.47
2021-12-29 19:00:00,205.0,200.9
2021-12-29 20:00:00,192.67,190.0
2021-12-29 21:00:00,190.0,188.0
2021-12-29 22:00:00,185.54,185.24
2021-12-29 23:00:00,190.0,161.3
2021-12-30 00:00:00,166.35,169.95
2021-12-30 01:00:00,159.28,155.0
2021-12-30 02:00:00,156.28,156.38
2021-12-30 03:00:00,149.74,149.74
2021-12-30 04:00:00,63.1,63.22
2021-12-30 05:00:00,144.95,162.33
2021-12-30 06:00:00,172.0,190.72
2021-12-30 07:00:00,182.94,182.94
2021-12-30 08:00:00,182.94,177.95
2021-12-30 09:00:00,182.1,172.15
2021-12-30 10:00:00,170.03,156.04
2021-12-30 11:00:00,170.0,135.5
2021-12-30 12:00:00,160.25,140.0
2021-12-30 13:00:00,152.0,100.0
2021-12-30 14:00:00,167.0,150.0
2021-12-30 15:00:00,182.94,162.12
2021-12-30 16:00:00,212.75,201.26
2021-12-30 17:00:00,215.44,207.0
2021-12-30 18:00:00,209.91,204.92
2021-12-30 19:00:00,194.31,189.32
2021-12-30 20:00:00,182.1,182.1
2021-12-30 21:00:00,122.77,122.77
2021-12-30 22:00:00,113.0,108.63
2021-12-30 23:00:00,79.57,74.57
2021-12-31 00:00:00,65.76,65.76
2021-12-31 01:00:00,89.04,71.5
2021-12-31 02:00:00,53.46,45.0
2021-12-31 03:00:00,18.39,14.38
2021-12-31 04:00:00,9.7,5.96
2021-12-31 05:00:00,49.06,49.06
2021-12-31 06:00:00,67.03,65.41
2021-12-31 07:00:00,87.03,82.03
2021-12-31 08:00:00,93.01,73.02
2021-12-31 09:00:00,92.54,72.55
2021-12-31 10:00:00,94.86,74.87
2021-12-31 11:00:00,93.07,72.23
2021-12-31 12:00:00,93.0,63.72
2021-12-31 13:00:00,95.12,62.92
2021-12-31 14:00:00,101.08,65.67
2021-12-31 15:00:00,181.26,149.22
2021-12-31 16:00:00,209.14,180.99
2021-12-31 17:00:00,216.0,189.17
2021-12-31 18:00:00,188.24,157.93
2021-12-31 19:00:00,189.46,157.58
2021-12-31 20:00:00,185.63,161.23
2021-12-31 21:00:00,181.56,161.57
2021-12-31 22:00:00,180.0,170.0
2021-12-31 23:00:00,180.0,178.0
